customer_id,age,gender,location
1,38,2,17
2,2,2,20
3,33,2,22
4,4,2,40
5,28,2,38
6,29,2,51
7,46,2,27
8,10,2,19
9,9,2,49
10,40,2,26
11,36,2,4
12,13,2,11
13,44,2,8
14,48,2,30
15,47,2,33
16,47,2,40
17,8,2,1
18,36,2,25
19,35,2,27
20,49,2,40
21,4,2,19
22,14,2,34
23,39,2,5
24,14,2,37
25,1,2,9
26,1,2,44
27,21,2,29
28,39,2,17
29,37,2,34
30,14,2,51
31,40,2,34
32,16,2,49
33,19,2,16
34,37,2,6
35,19,2,35
36,37,2,22
37,18,2,13
38,18,2,14
39,12,2,9
40,53,2,3
41,52,2,19
42,50,2,2
43,3,2,43
44,8,2,36
45,22,2,17
46,33,2,43
47,40,2,5
48,38,2,27
49,25,2,29
50,51,2,31
51,32,2,21
52,42,2,46
53,25,2,2
54,12,2,25
55,30,2,32
56,23,2,41
57,24,2,25
58,4,2,49
59,52,2,26
60,46,2,19
61,33,2,12
62,38,2,44
63,13,2,25
64,16,2,3
65,48,2,1
66,48,2,31
67,14,2,39
68,28,2,7
69,40,2,45
70,31,2,43
71,5,2,1
72,19,2,47
73,1,2,10
74,31,2,11
75,32,2,14
76,47,2,45
77,33,2,8
78,5,2,8
79,33,2,28
80,21,2,15
81,2,2,33
82,50,2,47
83,2,2,10
84,19,2,44
85,35,2,3
86,36,2,32
87,7,2,29
88,35,2,36
89,16,2,51
90,30,2,5
91,8,2,41
92,27,2,41
93,44,2,44
94,20,2,9
95,41,2,29
96,20,2,26
97,15,2,8
98,4,2,47
99,3,2,33
100,9,2,26
101,45,2,42
102,10,2,35
103,34,2,37
104,37,2,49
105,38,2,30
106,52,2,33
107,47,2,24
108,11,2,21
109,53,2,27
110,41,2,1
111,39,2,33
112,9,2,22
113,20,2,9
114,27,2,31
115,53,2,22
116,36,2,51
117,38,2,47
118,33,2,42
119,33,2,17
120,21,2,51
121,47,2,49
122,2,2,47
123,23,2,48
124,40,2,19
125,27,2,29
126,32,2,5
127,26,2,25
128,7,2,25
129,3,2,5
130,7,2,39
131,27,2,17
132,11,2,20
133,13,2,32
134,35,2,27
135,26,2,44
136,26,2,16
137,22,2,41
138,51,2,6
139,51,2,10
140,32,2,9
141,46,2,34
142,39,2,47
143,20,2,28
144,13,2,26
145,2,2,31
146,7,2,26
147,35,2,6
148,46,2,12
149,20,2,51
150,21,2,8
151,18,2,5
152,11,2,35
153,13,2,41
154,52,2,34
155,24,2,37
156,46,2,20
157,18,2,26
158,19,2,46
159,8,2,7
160,41,2,30
161,10,2,44
162,48,2,35
163,37,2,5
164,37,2,47
165,42,2,8
166,25,2,17
167,29,2,8
168,16,2,4
169,17,2,19
170,10,2,29
171,35,2,51
172,12,2,47
173,37,2,28
174,8,2,11
175,24,2,46
176,36,2,37
177,36,2,30
178,4,2,16
179,44,2,12
180,47,2,13
181,34,2,42
182,15,2,22
183,21,2,1
184,41,2,36
185,15,2,11
186,29,2,50
187,22,2,24
188,2,2,10
189,33,2,4
190,19,2,49
191,48,2,14
192,47,2,45
193,29,2,28
194,19,2,35
195,34,2,26
196,34,2,33
197,21,2,48
198,42,2,41
199,40,2,45
200,37,2,12
201,8,2,39
202,52,2,26
203,40,2,28
204,53,2,14
205,7,2,3
206,50,2,11
207,7,2,50
208,45,2,40
209,40,2,50
210,38,2,24
211,28,2,46
212,52,2,42
213,50,2,47
214,13,2,29
215,7,2,11
216,45,2,31
217,26,2,22
218,18,2,37
219,11,2,5
220,15,2,29
221,22,2,3
222,11,2,34
223,30,2,33
224,3,2,51
225,46,2,42
226,8,2,4
227,12,2,44
228,33,2,40
229,1,2,30
230,53,2,36
231,49,2,45
232,11,2,43
233,37,2,11
234,2,2,3
235,3,2,42
236,26,2,31
237,21,2,35
238,33,2,15
239,47,2,36
240,32,2,46
241,30,2,27
242,19,2,8
243,38,2,33
244,8,2,17
245,36,2,38
246,32,2,40
247,18,2,29
248,12,2,27
249,30,2,39
250,36,2,2
251,16,2,25
252,4,2,51
253,15,2,8
254,35,2,37
255,50,2,14
256,26,2,21
257,41,2,42
258,3,2,49
259,44,2,1
260,15,2,19
261,21,2,27
262,4,2,5
263,20,2,11
264,10,2,15
265,19,2,6
266,15,2,23
267,34,2,19
268,47,2,21
269,51,2,10
270,51,2,10
271,16,2,35
272,48,2,21
273,31,2,38
274,52,2,35
275,42,2,21
276,31,2,47
277,8,2,42
278,12,2,10
279,40,2,11
280,6,2,4
281,28,2,27
282,21,2,37
283,4,2,24
284,15,2,27
285,46,2,36
286,12,2,17
287,10,2,28
288,39,2,8
289,13,2,34
290,32,2,33
291,41,2,6
292,40,2,8
293,43,2,45
294,52,2,7
295,53,2,31
296,36,2,49
297,8,2,14
298,31,2,8
299,52,2,21
300,8,2,39
301,12,2,15
302,29,2,39
303,20,2,8
304,3,2,38
305,23,2,38
306,43,2,45
307,9,2,35
308,12,2,9
309,49,2,21
310,49,2,24
311,39,2,27
312,52,2,40
313,21,2,22
314,25,2,46
315,13,2,31
316,49,2,50
317,19,2,5
318,41,2,49
319,28,2,42
320,30,2,20
321,49,2,16
322,24,2,46
323,24,2,43
324,49,2,43
325,20,2,51
326,53,2,46
327,45,2,31
328,44,2,15
329,31,2,9
330,53,2,29
331,29,2,35
332,14,2,9
333,2,2,33
334,22,2,2
335,24,2,16
336,3,2,38
337,19,2,40
338,15,2,32
339,52,2,22
340,23,2,39
341,23,2,31
342,3,2,45
343,47,2,17
344,10,2,28
345,7,2,47
346,31,2,51
347,32,2,32
348,19,2,38
349,39,2,41
350,20,2,3
351,25,2,17
352,11,2,33
353,10,2,44
354,46,2,26
355,41,2,39
356,20,2,38
357,39,2,29
358,1,2,4
359,31,2,24
360,14,2,10
361,34,2,40
362,48,2,29
363,36,2,44
364,38,2,9
365,45,2,35
366,38,2,49
367,47,2,28
368,35,2,43
369,7,2,37
370,21,2,50
371,42,2,38
372,10,2,34
373,7,2,39
374,6,2,35
375,52,2,36
376,42,2,37
377,34,2,41
378,46,2,20
379,37,2,29
380,15,2,27
381,22,2,30
382,49,2,20
383,11,2,5
384,33,2,49
385,53,2,5
386,50,2,49
387,47,2,19
388,28,2,10
389,5,2,48
390,10,2,47
391,8,2,14
392,20,2,24
393,9,2,12
394,16,2,46
395,26,2,35
396,20,2,40
397,29,2,41
398,5,2,25
399,3,2,27
400,43,2,12
401,22,2,45
402,26,2,37
403,14,2,5
404,2,2,29
405,18,2,8
406,24,2,41
407,35,2,21
408,28,2,34
409,17,2,1
410,18,2,24
411,12,2,47
412,42,2,23
413,7,2,20
414,53,2,29
415,12,2,51
416,50,2,7
417,19,2,38
418,6,2,25
419,1,2,13
420,36,2,45
421,15,2,34
422,21,2,17
423,30,2,24
424,29,2,33
425,49,2,13
426,23,2,35
427,26,2,19
428,41,2,13
429,4,2,51
430,25,2,48
431,7,2,44
432,26,2,30
433,30,2,14
434,32,2,1
435,33,2,37
436,34,2,27
437,23,2,43
438,28,2,32
439,35,2,15
440,45,2,12
441,3,2,37
442,26,2,9
443,12,2,23
444,5,2,11
445,31,2,5
446,25,2,15
447,2,2,49
448,43,2,48
449,15,2,26
450,9,2,33
451,8,2,7
452,49,2,47
453,28,2,26
454,37,2,28
455,20,2,31
456,37,2,45
457,33,2,34
458,8,2,40
459,30,2,4
460,46,2,21
461,47,2,41
462,1,2,36
463,42,2,13
464,20,2,10
465,6,2,1
466,37,2,37
467,21,2,46
468,2,2,28
469,17,2,10
470,4,2,1
471,33,2,24
472,38,2,26
473,3,2,10
474,17,2,49
475,45,2,4
476,4,2,36
477,4,2,7
478,25,2,35
479,18,2,16
480,22,2,15
481,51,2,46
482,29,2,50
483,24,2,7
484,6,2,37
485,51,2,26
486,31,2,43
487,21,2,32
488,24,2,15
489,41,2,20
490,32,2,42
491,40,2,6
492,32,2,46
493,33,2,23
494,11,2,29
495,21,2,14
496,16,2,23
497,13,2,5
498,26,2,37
499,26,2,15
500,19,2,40
501,19,2,48
502,47,2,9
503,42,2,41
504,38,2,49
505,25,2,26
506,44,2,20
507,11,2,10
508,48,2,20
509,10,2,13
510,24,2,8
511,4,2,49
512,44,2,11
513,2,2,33
514,5,2,32
515,47,2,14
516,11,2,17
517,17,2,49
518,44,2,35
519,7,2,38
520,2,2,24
521,34,2,41
522,19,2,46
523,48,2,24
524,29,2,8
525,42,2,39
526,34,2,15
527,34,2,31
528,4,2,41
529,17,2,21
530,15,2,5
531,31,2,27
532,33,2,46
533,9,2,44
534,40,2,34
535,48,2,9
536,39,2,49
537,27,2,13
538,33,2,47
539,10,2,47
540,32,2,51
541,32,2,41
542,35,2,7
543,10,2,13
544,36,2,1
545,17,2,48
546,16,2,1
547,45,2,32
548,21,2,29
549,19,2,28
550,14,2,3
551,45,2,10
552,12,2,12
553,7,2,26
554,46,2,9
555,39,2,24
556,46,2,20
557,23,2,27
558,1,2,2
559,33,2,15
560,49,2,3
561,8,2,19
562,48,2,1
563,36,2,26
564,44,2,12
565,50,2,9
566,42,2,12
567,38,2,1
568,4,2,30
569,27,2,45
570,48,2,1
571,48,2,15
572,37,2,17
573,39,2,41
574,41,2,5
575,37,2,20
576,41,2,28
577,31,2,48
578,2,2,1
579,52,2,20
580,41,2,5
581,32,2,15
582,15,2,15
583,23,2,6
584,8,2,5
585,53,2,14
586,52,2,41
587,28,2,50
588,12,2,48
589,30,2,42
590,11,2,24
591,47,2,2
592,30,2,17
593,43,2,35
594,50,2,2
595,18,2,37
596,13,2,8
597,6,2,27
598,53,2,2
599,4,2,5
600,34,2,22
601,5,2,41
602,15,2,49
603,20,2,38
604,14,2,22
605,27,2,49
606,23,2,5
607,10,2,6
608,30,2,14
609,24,2,8
610,34,2,36
611,36,2,37
612,26,2,5
613,50,2,30
614,44,2,39
615,51,2,12
616,50,2,21
617,12,2,39
618,33,2,6
619,44,2,14
620,2,2,28
621,16,2,40
622,34,2,16
623,52,2,10
624,2,2,29
625,38,2,41
626,32,2,8
627,14,2,30
628,25,2,38
629,52,2,22
630,9,2,46
631,24,2,25
632,38,2,48
633,18,2,51
634,49,2,24
635,19,2,36
636,10,2,41
637,24,2,50
638,4,2,43
639,36,2,21
640,37,2,25
641,36,2,24
642,30,2,2
643,47,2,4
644,1,2,38
645,51,2,19
646,45,2,37
647,34,2,14
648,37,2,25
649,5,2,23
650,36,2,8
651,17,2,9
652,15,2,4
653,47,2,24
654,3,2,35
655,7,2,5
656,3,2,25
657,25,2,39
658,31,2,3
659,45,2,19
660,45,2,47
661,33,2,27
662,40,2,15
663,7,2,13
664,42,2,2
665,46,2,6
666,24,2,32
667,18,2,6
668,17,2,3
669,32,2,11
670,26,2,13
671,46,2,19
672,21,2,15
673,42,2,48
674,18,2,37
675,31,2,48
676,47,2,4
677,11,2,7
678,43,2,48
679,10,2,20
680,39,2,23
681,41,2,43
682,13,2,19
683,6,2,26
684,16,2,23
685,46,2,1
686,53,2,22
687,53,2,14
688,2,2,49
689,8,2,23
690,2,2,39
691,8,2,2
692,43,2,22
693,18,2,35
694,29,2,46
695,24,2,17
696,13,2,29
697,27,2,45
698,44,2,35
699,38,2,15
700,33,2,7
701,40,2,50
702,34,2,12
703,1,2,27
704,46,2,7
705,17,2,12
706,8,2,4
707,29,2,15
708,42,2,19
709,20,2,17
710,32,2,22
711,5,2,47
712,47,2,30
713,25,2,30
714,20,2,38
715,9,2,42
716,16,2,8
717,13,2,26
718,4,2,2
719,5,2,9
720,46,2,25
721,16,2,32
722,26,2,5
723,10,2,51
724,18,2,26
725,20,2,30
726,44,2,44
727,15,2,35
728,45,2,4
729,12,2,28
730,24,2,24
731,31,2,22
732,26,2,4
733,17,2,30
734,28,2,40
735,48,2,31
736,44,2,27
737,1,2,6
738,30,2,28
739,39,2,24
740,47,2,24
741,9,2,42
742,5,2,49
743,47,2,29
744,4,2,34
745,50,2,13
746,29,2,23
747,23,2,23
748,34,2,37
749,18,2,42
750,39,2,37
751,8,2,21
752,48,2,36
753,22,2,36
754,30,2,22
755,19,2,34
756,49,2,9
757,45,2,27
758,24,2,24
759,49,2,22
760,34,2,40
761,16,2,24
762,40,2,29
763,28,2,32
764,44,2,34
765,38,2,47
766,37,2,2
767,40,2,29
768,10,2,39
769,47,2,13
770,35,2,8
771,2,2,46
772,5,2,11
773,1,2,13
774,12,2,5
775,25,2,29
776,32,2,17
777,32,2,1
778,38,2,51
779,12,2,22
780,43,2,45
781,17,2,33
782,13,2,46
783,11,2,11
784,46,2,19
785,14,2,1
786,29,2,19
787,53,2,14
788,36,2,23
789,33,2,40
790,16,2,12
791,5,2,19
792,33,2,34
793,17,2,31
794,7,2,1
795,52,2,17
796,22,2,33
797,25,2,3
798,25,2,21
799,12,2,2
800,38,2,29
801,15,2,45
802,8,2,32
803,21,2,8
804,15,2,7
805,26,2,25
806,24,2,7
807,39,2,9
808,10,2,33
809,29,2,50
810,31,2,41
811,35,2,42
812,1,2,13
813,47,2,2
814,37,2,27
815,14,2,24
816,13,2,49
817,9,2,13
818,8,2,29
819,42,2,12
820,38,2,6
821,39,2,19
822,45,2,46
823,18,2,25
824,34,2,10
825,44,2,10
826,10,2,28
827,37,2,22
828,14,2,6
829,7,2,29
830,25,2,12
831,24,2,51
832,49,2,48
833,41,2,5
834,26,2,37
835,35,2,29
836,18,2,21
837,6,2,49
838,8,2,13
839,16,2,17
840,31,2,13
841,25,2,1
842,38,2,44
843,42,2,26
844,48,2,39
845,42,2,26
846,14,2,23
847,32,2,17
848,36,2,31
849,31,2,8
850,6,2,26
851,51,2,7
852,18,2,22
853,17,2,9
854,45,2,8
855,4,2,5
856,53,2,38
857,38,2,2
858,26,2,26
859,2,2,37
860,30,2,50
861,9,2,41
862,29,2,47
863,2,2,4
864,32,2,46
865,34,2,17
866,47,2,6
867,50,2,32
868,20,2,6
869,23,2,34
870,21,2,30
871,49,2,49
872,30,2,11
873,39,2,35
874,34,2,25
875,8,2,20
876,20,2,35
877,24,2,28
878,47,2,28
879,6,2,43
880,45,2,51
881,22,2,29
882,35,2,41
883,33,2,47
884,11,2,39
885,50,2,11
886,24,2,36
887,2,2,45
888,53,2,24
889,32,2,30
890,42,2,3
891,35,2,33
892,3,2,39
893,14,2,32
894,16,2,28
895,27,2,51
896,23,2,25
897,52,2,4
898,12,2,13
899,37,2,29
900,48,2,40
901,37,2,49
902,43,2,26
903,26,2,17
904,27,2,48
905,52,2,2
906,29,2,25
907,24,2,41
908,15,2,26
909,9,2,31
910,44,2,19
911,32,2,41
912,36,2,46
913,7,2,4
914,20,2,45
915,26,2,48
916,14,2,40
917,32,2,13
918,52,2,26
919,48,2,34
920,24,2,22
921,20,2,4
922,53,2,42
923,46,2,10
924,38,2,4
925,35,2,16
926,5,2,3
927,37,2,22
928,11,2,32
929,50,2,4
930,42,2,28
931,9,2,11
932,7,2,28
933,45,2,14
934,53,2,6
935,28,2,38
936,41,2,36
937,14,2,20
938,15,2,15
939,19,2,50
940,8,2,33
941,31,2,6
942,22,2,13
943,9,2,3
944,15,2,37
945,37,2,14
946,21,2,24
947,29,2,39
948,40,2,14
949,32,2,1
950,16,2,27
951,37,2,32
952,30,2,2
953,19,2,12
954,51,2,45
955,43,2,19
956,38,2,25
957,12,2,25
958,21,2,14
959,53,2,48
960,19,2,29
961,1,2,19
962,45,2,39
963,12,2,23
964,4,2,41
965,25,2,3
966,26,2,8
967,41,2,17
968,10,2,10
969,40,2,34
970,23,2,5
971,28,2,5
972,30,2,14
973,44,2,6
974,43,2,6
975,52,2,34
976,41,2,48
977,17,2,9
978,3,2,48
979,39,2,6
980,47,2,30
981,39,2,21
982,10,2,21
983,18,2,44
984,7,2,32
985,9,2,45
986,15,2,49
987,37,2,7
988,45,2,49
989,33,2,36
990,53,2,44
991,31,2,48
992,3,2,50
993,29,2,19
994,34,2,15
995,36,2,33
996,27,2,12
997,12,2,8
998,47,2,17
999,34,2,7
1000,33,2,32
1001,26,2,10
1002,44,2,48
1003,38,2,35
1004,39,2,36
1005,16,2,43
1006,26,2,33
1007,4,2,23
1008,41,2,10
1009,24,2,32
1010,22,2,19
1011,37,2,42
1012,26,2,27
1013,11,2,32
1014,42,2,41
1015,11,2,36
1016,51,2,34
1017,3,2,12
1018,4,2,37
1019,33,2,10
1020,15,2,17
1021,7,2,8
1022,38,2,22
1023,44,2,28
1024,44,2,20
1025,11,2,39
1026,43,2,28
1027,32,2,47
1028,16,2,36
1029,28,2,28
1030,12,2,36
1031,41,2,17
1032,5,2,43
1033,38,2,20
1034,2,2,27
1035,51,2,21
1036,44,2,10
1037,51,2,11
1038,35,2,40
1039,24,2,28
1040,12,2,23
1041,51,2,34
1042,19,2,24
1043,38,2,21
1044,11,2,11
1045,22,2,38
1046,37,2,32
1047,23,2,13
1048,14,2,45
1049,13,2,20
1050,28,2,47
1051,31,2,9
1052,28,2,36
1053,43,2,47
1054,42,2,16
1055,1,2,4
1056,53,2,22
1057,3,2,12
1058,48,2,50
1059,12,2,32
1060,5,2,34
1061,10,2,15
1062,19,2,12
1063,42,2,36
1064,45,2,1
1065,17,2,51
1066,42,2,1
1067,32,2,25
1068,1,2,39
1069,38,2,51
1070,21,2,21
1071,33,2,34
1072,44,2,39
1073,31,2,12
1074,5,2,5
1075,31,2,43
1076,40,2,26
1077,16,2,35
1078,41,2,49
1079,20,2,3
1080,1,2,37
1081,48,2,39
1082,45,2,12
1083,37,2,41
1084,18,2,48
1085,17,2,4
1086,8,2,45
1087,36,2,2
1088,28,2,49
1089,32,2,19
1090,23,2,3
1091,21,2,7
1092,27,2,34
1093,51,2,42
1094,43,2,8
1095,8,2,7
1096,2,2,43
1097,40,2,30
1098,41,2,46
1099,32,2,12
1100,2,2,34
1101,33,2,29
1102,13,2,8
1103,35,2,44
1104,18,2,43
1105,18,2,8
1106,16,2,22
1107,35,2,24
1108,52,2,44
1109,10,2,28
1110,49,2,37
1111,11,2,44
1112,5,2,33
1113,52,2,48
1114,11,2,21
1115,38,2,30
1116,13,2,33
1117,50,2,11
1118,8,2,5
1119,32,2,14
1120,17,2,19
1121,5,2,39
1122,46,2,9
1123,53,2,34
1124,19,2,22
1125,25,2,15
1126,10,2,35
1127,6,2,15
1128,33,2,8
1129,39,2,33
1130,20,2,30
1131,50,2,17
1132,50,2,13
1133,33,2,34
1134,19,2,7
1135,45,2,50
1136,48,2,22
1137,6,2,13
1138,29,2,32
1139,1,2,15
1140,41,2,1
1141,14,2,21
1142,22,2,36
1143,52,2,36
1144,51,2,29
1145,24,2,41
1146,14,2,29
1147,31,2,50
1148,42,2,43
1149,17,2,9
1150,4,2,10
1151,12,2,17
1152,24,2,36
1153,45,2,7
1154,10,2,12
1155,32,2,10
1156,50,2,43
1157,3,2,11
1158,20,2,21
1159,52,2,29
1160,49,2,30
1161,20,2,35
1162,46,2,37
1163,30,2,34
1164,9,2,43
1165,51,2,27
1166,34,2,50
1167,31,2,7
1168,43,2,31
1169,51,2,25
1170,8,2,51
1171,40,2,13
1172,24,2,19
1173,42,2,38
1174,27,2,42
1175,25,2,23
1176,18,2,31
1177,19,2,38
1178,37,2,15
1179,20,2,41
1180,3,2,14
1181,6,2,38
1182,44,2,33
1183,20,2,32
1184,6,2,19
1185,46,2,41
1186,30,2,20
1187,46,2,14
1188,39,2,15
1189,51,2,25
1190,47,2,4
1191,45,2,41
1192,17,2,14
1193,32,2,9
1194,23,2,2
1195,33,2,33
1196,8,2,44
1197,13,2,35
1198,37,2,46
1199,23,2,31
1200,32,2,21
1201,10,2,7
1202,10,2,13
1203,31,2,21
1204,23,2,24
1205,50,2,9
1206,35,2,5
1207,5,2,25
1208,45,2,48
1209,3,2,50
1210,24,2,39
1211,17,2,26
1212,6,2,37
1213,15,2,39
1214,51,2,17
1215,13,2,46
1216,49,2,38
1217,45,2,45
1218,33,2,28
1219,38,2,39
1220,2,2,46
1221,50,2,17
1222,1,2,15
1223,41,2,14
1224,52,2,16
1225,45,2,13
1226,11,2,34
1227,36,2,36
1228,10,2,13
1229,38,2,14
1230,17,2,16
1231,8,2,13
1232,49,2,39
1233,40,2,33
1234,29,2,45
1235,21,2,31
1236,6,2,12
1237,25,2,32
1238,8,2,23
1239,38,2,51
1240,45,2,31
1241,24,2,31
1242,41,2,11
1243,39,2,29
1244,8,2,30
1245,53,2,14
1246,25,2,33
1247,10,2,19
1248,48,2,47
1249,45,2,50
1250,45,2,38
1251,35,2,30
1252,39,2,14
1253,11,2,22
1254,22,2,27
1255,37,2,5
1256,13,2,14
1257,28,2,49
1258,51,2,24
1259,30,2,36
1260,51,2,24
1261,46,2,47
1262,3,2,7
1263,12,2,43
1264,24,2,8
1265,35,2,46
1266,15,2,19
1267,3,2,35
1268,30,2,38
1269,6,2,12
1270,26,2,46
1271,50,2,49
1272,53,2,17
1273,18,2,50
1274,24,2,25
1275,37,2,26
1276,38,2,4
1277,34,2,51
1278,2,2,40
1279,11,2,45
1280,46,2,21
1281,13,2,10
1282,12,2,31
1283,7,2,30
1284,52,2,38
1285,48,2,4
1286,47,2,34
1287,23,2,49
1288,7,2,45
1289,49,2,42
1290,18,2,30
1291,50,2,21
1292,52,2,42
1293,9,2,17
1294,6,2,9
1295,10,2,44
1296,13,2,32
1297,31,2,42
1298,27,2,31
1299,12,2,14
1300,12,2,19
1301,50,2,49
1302,25,2,20
1303,6,2,12
1304,17,2,33
1305,47,2,27
1306,14,2,25
1307,37,2,2
1308,6,2,26
1309,42,2,40
1310,15,2,11
1311,26,2,41
1312,15,2,43
1313,49,2,26
1314,53,2,26
1315,25,2,26
1316,39,2,25
1317,11,2,4
1318,11,2,17
1319,35,2,7
1320,48,2,37
1321,39,2,5
1322,42,2,26
1323,6,2,48
1324,41,2,33
1325,22,2,14
1326,11,2,38
1327,23,2,44
1328,35,2,9
1329,20,2,40
1330,53,2,44
1331,13,2,46
1332,21,2,21
1333,49,2,2
1334,12,2,12
1335,29,2,49
1336,39,2,29
1337,6,2,38
1338,20,2,43
1339,39,2,1
1340,19,2,14
1341,23,2,12
1342,9,2,40
1343,40,2,3
1344,51,2,9
1345,39,2,33
1346,23,2,28
1347,27,2,25
1348,27,2,46
1349,2,2,28
1350,4,2,41
1351,14,2,8
1352,13,2,46
1353,48,2,14
1354,22,2,38
1355,47,2,21
1356,42,2,9
1357,32,2,14
1358,7,2,44
1359,2,2,28
1360,10,2,34
1361,39,2,1
1362,32,2,1
1363,24,2,6
1364,19,2,50
1365,51,2,8
1366,11,2,14
1367,28,2,15
1368,43,2,15
1369,4,2,50
1370,15,2,15
1371,10,2,27
1372,23,2,25
1373,47,2,23
1374,1,2,47
1375,5,2,33
1376,25,2,20
1377,40,2,31
1378,16,2,21
1379,20,2,17
1380,4,2,24
1381,34,2,22
1382,13,2,13
1383,51,2,23
1384,19,2,50
1385,29,2,2
1386,24,2,25
1387,51,2,38
1388,4,2,21
1389,45,2,4
1390,42,2,13
1391,8,2,4
1392,36,2,25
1393,14,2,4
1394,29,2,12
1395,9,2,15
1396,30,2,49
1397,20,2,50
1398,38,2,22
1399,13,2,44
1400,2,2,28
1401,19,2,29
1402,6,2,14
1403,45,2,35
1404,9,2,10
1405,19,2,32
1406,16,2,30
1407,15,2,48
1408,39,2,29
1409,41,2,20
1410,17,2,12
1411,44,2,43
1412,31,2,19
1413,8,2,23
1414,34,2,30
1415,12,2,24
1416,37,2,13
1417,31,2,12
1418,45,2,27
1419,1,2,1
1420,26,2,27
1421,5,2,5
1422,51,2,39
1423,27,2,44
1424,34,2,23
1425,49,2,7
1426,42,2,51
1427,43,2,23
1428,14,2,42
1429,3,2,35
1430,7,2,21
1431,31,2,23
1432,22,2,42
1433,17,2,9
1434,53,2,24
1435,42,2,33
1436,28,2,38
1437,18,2,24
1438,52,2,27
1439,41,2,48
1440,8,2,32
1441,10,2,3
1442,17,2,28
1443,36,2,12
1444,41,2,12
1445,15,2,46
1446,47,2,4
1447,46,2,51
1448,6,2,32
1449,47,2,49
1450,1,2,33
1451,8,2,13
1452,37,2,45
1453,43,2,6
1454,19,2,47
1455,49,2,10
1456,43,2,1
1457,42,2,27
1458,41,2,39
1459,18,2,26
1460,3,2,20
1461,53,2,39
1462,37,2,38
1463,21,2,45
1464,37,2,37
1465,16,2,27
1466,29,2,28
1467,41,2,1
1468,13,2,36
1469,25,2,4
1470,11,2,25
1471,26,2,5
1472,14,2,2
1473,22,2,14
1474,52,2,50
1475,14,2,31
1476,27,2,40
1477,22,2,51
1478,7,2,38
1479,11,2,48
1480,31,2,48
1481,22,2,30
1482,47,2,21
1483,11,2,50
1484,22,2,22
1485,32,2,28
1486,5,2,28
1487,8,2,12
1488,23,2,3
1489,6,2,11
1490,7,2,26
1491,49,2,19
1492,10,2,4
1493,45,2,34
1494,53,2,35
1495,26,2,27
1496,28,2,40
1497,46,2,12
1498,52,2,23
1499,42,2,13
1500,2,2,10
1501,46,2,1
1502,20,2,2
1503,20,2,22
1504,33,2,23
1505,43,2,2
1506,29,2,35
1507,18,2,41
1508,49,2,39
1509,18,2,6
1510,3,2,30
1511,38,2,21
1512,17,2,10
1513,43,2,50
1514,5,2,44
1515,9,2,45
1516,22,2,14
1517,3,2,29
1518,40,2,30
1519,51,2,33
1520,33,2,44
1521,4,2,15
1522,12,2,48
1523,21,2,43
1524,37,2,10
1525,5,2,22
1526,12,2,38
1527,24,2,37
1528,9,2,50
1529,52,2,38
1530,3,2,10
1531,42,2,32
1532,46,2,25
1533,51,2,50
1534,33,2,30
1535,38,2,51
1536,19,2,49
1537,1,2,23
1538,51,2,2
1539,39,2,13
1540,15,2,11
1541,11,2,6
1542,7,2,13
1543,42,2,11
1544,39,2,50
1545,13,2,4
1546,31,2,8
1547,43,2,38
1548,29,2,41
1549,52,2,21
1550,2,2,16
1551,49,2,4
1552,47,2,24
1553,37,2,32
1554,10,2,8
1555,47,2,45
1556,26,2,36
1557,26,2,1
1558,10,2,42
1559,18,2,32
1560,26,2,38
1561,40,2,38
1562,33,2,25
1563,20,2,1
1564,51,2,16
1565,5,2,5
1566,41,2,12
1567,31,2,51
1568,13,2,24
1569,34,2,48
1570,3,2,11
1571,13,2,26
1572,11,2,6
1573,20,2,48
1574,19,2,35
1575,1,2,24
1576,35,2,5
1577,39,2,23
1578,51,2,8
1579,45,2,5
1580,18,2,37
1581,48,2,35
1582,52,2,36
1583,11,2,11
1584,20,2,21
1585,24,2,11
1586,20,2,1
1587,8,2,37
1588,24,2,1
1589,31,2,46
1590,25,2,36
1591,37,2,50
1592,1,2,42
1593,39,2,15
1594,44,2,21
1595,23,2,6
1596,17,2,50
1597,25,2,25
1598,26,2,25
1599,30,2,5
1600,31,2,8
1601,3,2,27
1602,48,2,14
1603,37,2,49
1604,6,2,15
1605,1,2,20
1606,53,2,7
1607,38,2,16
1608,32,2,46
1609,9,2,28
1610,16,2,29
1611,3,2,43
1612,24,2,4
1613,1,2,50
1614,9,2,13
1615,13,2,16
1616,47,2,33
1617,9,2,6
1618,26,2,50
1619,46,2,23
1620,40,2,11
1621,8,2,47
1622,51,2,36
1623,14,2,26
1624,47,2,14
1625,21,2,9
1626,17,2,24
1627,15,2,29
1628,52,2,20
1629,28,2,22
1630,18,2,35
1631,46,2,31
1632,48,2,14
1633,18,2,38
1634,37,2,35
1635,11,2,41
1636,51,2,34
1637,41,2,35
1638,18,2,22
1639,51,2,43
1640,24,2,26
1641,48,2,43
1642,33,2,6
1643,1,2,25
1644,21,2,36
1645,51,2,34
1646,36,2,36
1647,41,2,28
1648,17,2,11
1649,19,2,37
1650,41,2,50
1651,43,2,4
1652,42,2,44
1653,48,2,32
1654,14,2,6
1655,26,2,14
1656,20,2,3
1657,4,2,14
1658,52,2,14
1659,15,2,2
1660,36,2,45
1661,42,2,19
1662,47,2,15
1663,46,2,32
1664,26,2,20
1665,2,2,24
1666,23,2,32
1667,34,2,4
1668,34,2,37
1669,49,2,45
1670,25,2,50
1671,5,2,45
1672,14,2,45
1673,1,2,41
1674,4,2,11
1675,18,2,2
1676,18,2,6
1677,10,2,49
1678,48,2,38
1679,24,2,36
1680,43,2,22
1681,44,2,19
1682,7,2,47
1683,48,2,33
1684,6,2,4
1685,13,2,32
1686,16,2,24
1687,5,2,13
1688,50,2,10
1689,11,2,25
1690,15,2,34
1691,23,2,29
1692,47,2,7
1693,39,2,45
1694,46,2,43
1695,3,2,25
1696,37,2,28
1697,14,2,49
1698,19,2,41
1699,8,2,15
1700,3,2,35
1701,45,2,49
1702,52,2,25
1703,37,2,1
1704,22,2,5
1705,39,2,12
1706,22,2,42
1707,20,2,35
1708,8,2,29
1709,18,2,9
1710,28,2,14
1711,2,2,4
1712,4,2,34
1713,48,2,13
1714,32,2,26
1715,13,2,42
1716,6,2,12
1717,52,2,7
1718,12,2,11
1719,37,2,21
1720,28,2,21
1721,8,2,22
1722,17,2,8
1723,29,2,22
1724,53,2,33
1725,25,2,8
1726,28,2,22
1727,40,2,14
1728,32,2,47
1729,6,2,51
1730,30,2,13
1731,6,2,1
1732,4,2,12
1733,28,2,40
1734,50,2,33
1735,14,2,26
1736,41,2,44
1737,40,2,43
1738,25,2,36
1739,43,2,43
1740,4,2,24
1741,52,2,50
1742,24,2,8
1743,34,2,16
1744,6,2,26
1745,40,2,23
1746,23,2,49
1747,48,2,1
1748,44,2,30
1749,17,2,27
1750,26,2,51
1751,14,2,26
1752,40,2,36
1753,17,2,42
1754,8,2,6
1755,49,2,22
1756,39,2,8
1757,32,2,30
1758,2,2,23
1759,10,2,39
1760,51,2,19
1761,3,2,24
1762,4,2,11
1763,19,2,12
1764,20,2,46
1765,44,2,8
1766,51,2,32
1767,43,2,2
1768,52,2,24
1769,8,2,28
1770,15,2,2
1771,36,2,23
1772,29,2,14
1773,41,2,11
1774,4,2,49
1775,29,2,33
1776,1,2,15
1777,39,2,3
1778,1,2,24
1779,32,2,44
1780,12,2,47
1781,50,2,35
1782,14,2,15
1783,35,2,45
1784,25,2,36
1785,15,2,19
1786,30,2,15
1787,28,2,21
1788,3,2,27
1789,49,2,13
1790,35,2,3
1791,33,2,34
1792,45,2,27
1793,21,2,15
1794,48,2,15
1795,43,2,36
1796,51,2,50
1797,45,2,41
1798,45,2,38
1799,23,2,35
1800,15,2,5
1801,5,2,25
1802,16,2,31
1803,40,2,40
1804,43,2,30
1805,13,2,19
1806,24,2,3
1807,41,2,40
1808,17,2,46
1809,50,2,43
1810,41,2,2
1811,24,2,21
1812,25,2,50
1813,33,2,29
1814,23,2,13
1815,15,2,27
1816,34,2,32
1817,9,2,47
1818,15,2,8
1819,41,2,34
1820,34,2,29
1821,2,2,48
1822,40,2,20
1823,49,2,7
1824,45,2,19
1825,41,2,13
1826,6,2,42
1827,28,2,14
1828,3,2,46
1829,16,2,30
1830,13,2,38
1831,33,2,16
1832,45,2,20
1833,52,2,19
1834,17,2,19
1835,32,2,14
1836,48,2,17
1837,49,2,41
1838,24,2,27
1839,20,2,46
1840,15,2,25
1841,25,2,51
1842,14,2,46
1843,44,2,1
1844,19,2,17
1845,43,2,42
1846,34,2,8
1847,51,2,50
1848,29,2,3
1849,2,2,20
1850,13,2,32
1851,34,2,51
1852,11,2,8
1853,24,2,39
1854,12,2,35
1855,8,2,17
1856,43,2,40
1857,46,2,3
1858,34,2,6
1859,5,2,20
1860,37,2,31
1861,1,2,16
1862,12,2,42
1863,42,2,30
1864,8,2,7
1865,2,2,51
1866,39,2,26
1867,14,2,2
1868,28,2,8
1869,6,2,14
1870,1,2,49
1871,26,2,51
1872,39,2,13
1873,26,2,2
1874,47,2,50
1875,50,2,14
1876,46,2,43
1877,37,2,13
1878,52,2,39
1879,17,2,37
1880,39,2,43
1881,17,2,31
1882,41,2,31
1883,27,2,43
1884,8,2,10
1885,10,2,3
1886,9,2,29
1887,1,2,4
1888,47,2,35
1889,45,2,42
1890,42,2,34
1891,19,2,11
1892,52,2,30
1893,22,2,5
1894,11,2,8
1895,25,2,3
1896,14,2,48
1897,40,2,29
1898,36,2,2
1899,42,2,44
1900,15,2,33
1901,48,2,15
1902,39,2,3
1903,14,2,32
1904,42,2,34
1905,5,2,29
1906,30,2,12
1907,6,2,46
1908,52,2,32
1909,1,2,10
1910,33,2,17
1911,12,2,33
1912,48,2,3
1913,12,2,6
1914,32,2,17
1915,11,2,2
1916,34,2,1
1917,9,2,7
1918,21,2,11
1919,18,2,12
1920,17,2,47
1921,34,2,7
1922,30,2,23
1923,1,2,17
1924,47,2,28
1925,13,2,23
1926,42,2,45
1927,49,2,32
1928,23,2,9
1929,8,2,25
1930,42,2,11
1931,49,2,34
1932,37,2,13
1933,25,2,21
1934,31,2,27
1935,17,2,23
1936,2,2,34
1937,53,2,24
1938,26,2,8
1939,29,2,17
1940,49,2,36
1941,33,2,2
1942,38,2,46
1943,46,2,1
1944,15,2,50
1945,13,2,4
1946,18,2,10
1947,42,2,19
1948,42,2,33
1949,37,2,7
1950,46,2,28
1951,26,2,4
1952,16,2,7
1953,40,2,21
1954,8,2,6
1955,9,2,6
1956,33,2,20
1957,53,2,37
1958,51,2,41
1959,22,2,29
1960,29,2,6
1961,40,2,22
1962,30,2,29
1963,23,2,15
1964,35,2,23
1965,23,2,49
1966,50,2,14
1967,50,2,14
1968,20,2,10
1969,50,2,24
1970,47,2,19
1971,11,2,21
1972,37,2,39
1973,37,2,19
1974,7,2,21
1975,10,2,43
1976,36,2,13
1977,15,2,51
1978,7,2,9
1979,28,2,22
1980,32,2,43
1981,34,2,15
1982,52,2,23
1983,24,2,16
1984,42,2,10
1985,9,2,49
1986,6,2,43
1987,45,2,4
1988,52,2,46
1989,29,2,47
1990,18,2,21
1991,15,2,7
1992,29,2,26
1993,16,2,31
1994,15,2,4
1995,16,2,29
1996,50,2,26
1997,50,2,42
1998,25,2,7
1999,3,2,46
2000,22,2,43
2001,9,2,5
2002,34,2,51
2003,14,2,33
2004,51,2,20
2005,27,2,10
2006,1,2,43
2007,41,2,32
2008,9,2,47
2009,40,2,9
2010,20,2,1
2011,7,2,44
2012,40,2,49
2013,31,2,29
2014,22,2,47
2015,34,2,50
2016,40,2,47
2017,36,2,20
2018,53,2,22
2019,43,2,4
2020,14,2,12
2021,24,2,39
2022,45,2,20
2023,42,2,1
2024,29,2,12
2025,45,2,4
2026,25,2,8
2027,20,2,20
2028,33,2,28
2029,12,2,36
2030,8,2,27
2031,49,2,32
2032,4,2,34
2033,29,2,41
2034,40,2,13
2035,44,2,1
2036,36,2,37
2037,20,2,24
2038,22,2,13
2039,36,2,4
2040,18,2,24
2041,52,2,41
2042,49,2,33
2043,2,2,1
2044,30,2,33
2045,32,2,26
2046,14,2,10
2047,22,2,37
2048,41,2,7
2049,28,2,23
2050,51,2,40
2051,18,2,25
2052,48,2,22
2053,28,2,30
2054,2,2,51
2055,48,2,31
2056,11,2,44
2057,38,2,24
2058,49,2,42
2059,12,2,48
2060,39,2,5
2061,4,2,50
2062,15,2,23
2063,37,2,41
2064,44,2,14
2065,14,2,4
2066,10,2,38
2067,47,2,13
2068,43,2,21
2069,53,2,46
2070,19,2,44
2071,39,2,28
2072,52,2,41
2073,22,2,22
2074,21,2,44
2075,19,2,9
2076,29,2,41
2077,42,2,9
2078,47,2,28
2079,32,2,11
2080,15,2,27
2081,12,2,42
2082,7,2,1
2083,24,2,4
2084,24,2,25
2085,15,2,46
2086,52,2,33
2087,48,2,35
2088,37,2,50
2089,22,2,5
2090,20,2,21
2091,34,2,22
2092,9,2,48
2093,25,2,24
2094,4,2,48
2095,36,2,41
2096,19,2,32
2097,4,2,34
2098,16,2,15
2099,32,2,19
2100,14,2,37
2101,51,2,23
2102,32,2,38
2103,6,2,12
2104,13,2,14
2105,36,2,32
2106,48,2,41
2107,43,2,46
2108,29,2,8
2109,37,2,35
2110,42,2,5
2111,35,2,27
2112,24,2,26
2113,26,2,43
2114,46,2,47
2115,20,2,46
2116,27,2,40
2117,50,2,16
2118,10,2,6
2119,43,2,10
2120,41,2,28
2121,36,2,26
2122,26,2,2
2123,15,2,47
2124,37,2,28
2125,30,2,40
2126,40,2,30
2127,46,2,1
2128,53,2,34
2129,45,2,32
2130,23,2,24
2131,8,2,3
2132,2,2,27
2133,8,2,46
2134,4,2,20
2135,38,2,47
2136,17,2,5
2137,30,2,33
2138,10,2,14
2139,50,2,25
2140,23,2,33
2141,36,2,32
2142,7,2,17
2143,30,2,35
2144,36,2,4
2145,30,2,21
2146,21,2,7
2147,31,2,45
2148,30,2,26
2149,2,2,28
2150,21,2,11
2151,40,2,13
2152,53,2,46
2153,21,2,31
2154,18,2,17
2155,29,2,51
2156,15,2,11
2157,21,2,26
2158,24,2,25
2159,2,2,22
2160,1,2,19
2161,28,2,49
2162,6,2,48
2163,43,2,38
2164,35,2,33
2165,25,2,15
2166,12,2,12
2167,14,2,31
2168,13,2,36
2169,6,2,7
2170,14,2,9
2171,23,2,41
2172,22,2,26
2173,11,2,40
2174,6,2,8
2175,25,2,6
2176,51,2,28
2177,7,2,46
2178,7,2,27
2179,4,2,9
2180,32,2,8
2181,24,2,7
2182,5,2,11
2183,25,2,32
2184,13,2,16
2185,21,2,29
2186,23,2,34
2187,38,2,32
2188,20,2,12
2189,24,2,5
2190,21,2,50
2191,25,2,2
2192,9,2,39
2193,24,2,47
2194,10,2,5
2195,44,2,17
2196,41,2,33
2197,8,2,46
2198,16,2,39
2199,40,2,33
2200,22,2,34
2201,43,2,51
2202,22,2,36
2203,25,2,1
2204,36,2,40
2205,3,2,38
2206,29,2,35
2207,29,2,13
2208,52,2,32
2209,11,2,6
2210,25,2,45
2211,13,2,47
2212,33,2,20
2213,42,2,28
2214,37,2,11
2215,33,2,12
2216,8,2,49
2217,24,2,46
2218,18,2,14
2219,50,2,12
2220,16,2,24
2221,2,2,51
2222,8,2,16
2223,15,2,10
2224,13,2,16
2225,1,2,28
2226,21,2,48
2227,5,2,26
2228,23,2,48
2229,37,2,16
2230,53,2,24
2231,35,2,6
2232,17,2,45
2233,48,2,34
2234,21,2,9
2235,18,2,30
2236,23,2,13
2237,6,2,19
2238,28,2,1
2239,23,2,9
2240,25,2,1
2241,40,2,5
2242,1,2,21
2243,1,2,29
2244,39,2,22
2245,18,2,41
2246,32,2,8
2247,32,2,11
2248,17,2,9
2249,46,2,40
2250,25,2,51
2251,24,2,6
2252,9,2,47
2253,31,2,28
2254,45,2,37
2255,7,2,35
2256,31,2,23
2257,14,2,5
2258,24,2,43
2259,7,2,36
2260,43,2,9
2261,21,2,26
2262,41,2,41
2263,36,2,3
2264,27,2,14
2265,34,2,35
2266,19,2,27
2267,3,2,26
2268,15,2,17
2269,49,2,10
2270,32,2,17
2271,10,2,10
2272,12,2,2
2273,12,2,20
2274,38,2,32
2275,40,2,33
2276,12,2,37
2277,14,2,51
2278,8,2,1
2279,44,2,21
2280,36,2,49
2281,5,2,17
2282,11,2,16
2283,1,2,12
2284,27,2,36
2285,15,2,15
2286,17,2,23
2287,50,2,42
2288,49,2,28
2289,11,2,5
2290,53,2,29
2291,20,2,16
2292,11,2,36
2293,26,2,46
2294,20,2,10
2295,37,2,21
2296,33,2,7
2297,29,2,48
2298,43,2,5
2299,23,2,27
2300,47,2,12
2301,1,2,39
2302,20,2,20
2303,19,2,27
2304,34,2,31
2305,9,2,19
2306,51,2,20
2307,10,2,9
2308,11,2,26
2309,32,2,35
2310,53,2,7
2311,13,2,47
2312,10,2,27
2313,2,2,46
2314,47,2,10
2315,25,2,47
2316,52,2,46
2317,11,2,27
2318,30,2,31
2319,52,2,51
2320,39,2,20
2321,11,2,32
2322,33,2,6
2323,22,2,7
2324,18,2,21
2325,42,2,38
2326,27,2,33
2327,49,2,37
2328,3,2,1
2329,28,2,35
2330,32,2,28
2331,43,2,3
2332,44,2,13
2333,19,2,41
2334,16,2,16
2335,32,2,16
2336,14,2,12
2337,2,2,5
2338,22,2,35
2339,49,2,10
2340,8,2,13
2341,46,2,8
2342,39,2,7
2343,3,2,43
2344,41,2,21
2345,17,2,40
2346,11,2,33
2347,5,2,32
2348,20,2,5
2349,37,2,20
2350,48,2,33
2351,40,2,11
2352,21,2,30
2353,53,2,28
2354,39,2,27
2355,39,2,50
2356,5,2,43
2357,40,2,27
2358,36,2,23
2359,36,2,44
2360,2,2,39
2361,32,2,33
2362,27,2,1
2363,10,2,47
2364,43,2,39
2365,45,2,25
2366,35,2,51
2367,13,2,32
2368,49,2,35
2369,12,2,31
2370,7,2,46
2371,34,2,2
2372,50,2,14
2373,33,2,1
2374,20,2,23
2375,52,2,48
2376,43,2,47
2377,4,2,43
2378,27,2,42
2379,9,2,30
2380,23,2,42
2381,24,2,39
2382,45,2,50
2383,22,2,5
2384,36,2,40
2385,7,2,1
2386,24,2,37
2387,2,2,13
2388,19,2,43
2389,4,2,1
2390,8,2,16
2391,48,2,3
2392,25,2,23
2393,23,2,26
2394,41,2,19
2395,23,2,7
2396,45,2,7
2397,21,2,38
2398,20,2,49
2399,48,2,9
2400,38,2,30
2401,26,2,38
2402,26,2,38
2403,28,2,45
2404,47,2,26
2405,11,2,49
2406,52,2,5
2407,37,2,5
2408,35,2,13
2409,6,2,11
2410,9,2,48
2411,31,2,50
2412,32,2,47
2413,36,2,38
2414,52,2,39
2415,9,2,47
2416,4,2,11
2417,42,2,28
2418,4,2,2
2419,5,2,23
2420,9,2,34
2421,24,2,34
2422,20,2,24
2423,13,2,10
2424,32,2,49
2425,32,2,8
2426,41,2,35
2427,53,2,9
2428,10,2,38
2429,48,2,12
2430,40,2,47
2431,3,2,35
2432,17,2,1
2433,42,2,11
2434,37,2,38
2435,19,2,45
2436,4,2,11
2437,35,2,7
2438,26,2,51
2439,15,2,8
2440,38,2,4
2441,14,2,14
2442,28,2,5
2443,36,2,51
2444,7,2,42
2445,30,2,49
2446,46,2,43
2447,21,2,2
2448,42,2,42
2449,37,2,43
2450,9,2,1
2451,51,2,34
2452,24,2,37
2453,51,2,33
2454,4,2,15
2455,15,2,2
2456,3,2,2
2457,42,2,28
2458,36,2,8
2459,49,2,44
2460,30,2,26
2461,41,2,20
2462,11,2,39
2463,51,2,26
2464,43,2,25
2465,30,2,11
2466,1,2,44
2467,15,2,42
2468,10,2,31
2469,48,2,7
2470,51,2,21
2471,38,2,3
2472,13,2,37
2473,7,2,45
2474,40,2,4
2475,6,2,34
2476,52,2,5
2477,43,2,6
2478,8,2,5
2479,1,2,46
2480,20,2,16
2481,44,2,36
2482,24,2,31
2483,52,2,3
2484,15,2,3
2485,43,2,30
2486,26,2,19
2487,44,2,44
2488,40,2,27
2489,39,2,30
2490,49,2,42
2491,35,2,27
2492,46,2,34
2493,33,2,42
2494,4,2,20
2495,25,2,37
2496,23,2,28
2497,50,2,13
2498,18,2,6
2499,1,2,22
2500,35,2,19
2501,42,2,22
2502,32,2,49
2503,29,2,12
2504,52,2,36
2505,39,2,40
2506,10,2,13
2507,40,2,33
2508,41,2,19
2509,6,2,5
2510,2,2,48
2511,23,2,42
2512,37,2,12
2513,33,2,35
2514,52,2,48
2515,25,2,2
2516,20,2,16
2517,29,2,45
2518,47,2,51
2519,3,2,20
2520,23,2,23
2521,47,2,13
2522,12,2,24
2523,3,2,22
2524,26,2,31
2525,43,2,16
2526,22,2,17
2527,30,2,40
2528,2,2,13
2529,35,2,1
2530,17,2,43
2531,8,2,22
2532,26,2,44
2533,38,2,28
2534,49,2,39
2535,24,2,47
2536,30,2,46
2537,34,2,37
2538,27,2,20
2539,1,2,31
2540,16,2,22
2541,7,2,31
2542,16,2,48
2543,44,2,4
2544,10,2,49
2545,29,2,8
2546,21,2,44
2547,46,2,44
2548,30,2,25
2549,25,2,44
2550,24,2,47
2551,36,2,30
2552,12,2,24
2553,44,2,21
2554,52,2,46
2555,34,2,16
2556,7,2,12
2557,7,2,27
2558,53,2,37
2559,32,2,5
2560,31,2,25
2561,41,2,5
2562,15,2,33
2563,40,2,3
2564,52,2,22
2565,25,2,17
2566,13,2,46
2567,18,2,26
2568,2,2,23
2569,35,2,44
2570,25,2,33
2571,19,2,32
2572,28,2,25
2573,37,2,48
2574,37,2,32
2575,10,2,9
2576,36,2,24
2577,3,2,30
2578,35,2,24
2579,37,2,46
2580,48,2,24
2581,26,2,22
2582,40,2,51
2583,2,2,42
2584,52,2,37
2585,9,2,9
2586,40,2,50
2587,3,2,20
2588,38,2,7
2589,27,2,8
2590,35,2,35
2591,40,2,5
2592,23,2,32
2593,6,2,15
2594,19,2,6
2595,42,2,27
2596,12,2,15
2597,46,2,19
2598,43,2,1
2599,47,2,29
2600,46,2,46
2601,4,2,33
2602,44,2,25
2603,48,2,41
2604,52,2,48
2605,30,2,6
2606,24,2,29
2607,51,2,29
2608,24,2,37
2609,25,2,25
2610,49,2,4
2611,49,2,49
2612,16,2,23
2613,38,2,19
2614,41,2,42
2615,1,2,35
2616,32,2,3
2617,44,2,10
2618,14,2,12
2619,53,2,19
2620,51,2,7
2621,10,2,36
2622,31,2,20
2623,46,2,30
2624,32,2,22
2625,2,2,42
2626,13,2,6
2627,33,2,40
2628,49,2,26
2629,8,2,51
2630,44,2,30
2631,12,2,20
2632,36,2,7
2633,7,2,2
2634,34,2,2
2635,9,2,34
2636,42,2,6
2637,24,2,45
2638,3,2,1
2639,5,2,11
2640,1,2,30
2641,13,2,14
2642,8,2,46
2643,22,2,15
2644,32,2,21
2645,8,2,32
2646,6,2,19
2647,16,2,32
2648,43,2,41
2649,34,2,13
2650,6,2,24
2651,3,2,38
2652,34,2,43
2653,6,1,21
2654,50,1,50
2655,6,1,12
2656,9,1,51
2657,35,1,14
2658,35,1,44
2659,35,1,36
2660,18,1,16
2661,7,1,41
2662,26,1,23
2663,8,1,28
2664,29,1,50
2665,5,1,13
2666,53,1,19
2667,32,1,36
2668,31,1,21
2669,42,1,44
2670,22,1,13
2671,13,1,39
2672,20,1,1
2673,39,1,49
2674,50,1,29
2675,23,1,9
2676,7,1,47
2677,26,1,17
2678,28,1,7
2679,16,1,27
2680,36,1,27
2681,27,1,28
2682,6,1,22
2683,42,1,34
2684,51,1,27
2685,29,1,48
2686,39,1,47
2687,23,1,10
2688,44,1,8
2689,36,1,49
2690,12,1,51
2691,27,1,32
2692,26,1,28
2693,23,1,48
2694,38,1,11
2695,49,1,19
2696,33,1,43
2697,40,1,42
2698,25,1,8
2699,38,1,47
2700,8,1,45
2701,5,1,5
2702,32,1,12
2703,53,1,44
2704,39,1,43
2705,35,1,43
2706,48,1,48
2707,7,1,1
2708,15,1,28
2709,40,1,1
2710,18,1,13
2711,52,1,50
2712,13,1,28
2713,20,1,35
2714,2,1,25
2715,36,1,15
2716,8,1,25
2717,30,1,6
2718,1,1,28
2719,5,1,47
2720,52,1,19
2721,38,1,21
2722,2,1,24
2723,6,1,20
2724,37,1,44
2725,35,1,26
2726,47,1,25
2727,16,1,23
2728,23,1,6
2729,9,1,9
2730,14,1,27
2731,6,1,50
2732,35,1,50
2733,4,1,8
2734,14,1,34
2735,46,1,33
2736,29,1,5
2737,27,1,27
2738,40,1,34
2739,33,1,36
2740,16,1,2
2741,2,1,39
2742,51,1,20
2743,10,1,44
2744,44,1,31
2745,21,1,51
2746,11,1,23
2747,22,1,36
2748,1,1,49
2749,7,1,47
2750,47,1,46
2751,34,1,2
2752,10,1,24
2753,31,1,6
2754,52,1,40
2755,42,1,31
2756,42,1,29
2757,25,1,24
2758,22,1,8
2759,15,1,13
2760,51,1,48
2761,24,1,2
2762,14,1,23
2763,41,1,10
2764,11,1,49
2765,46,1,3
2766,47,1,6
2767,49,1,43
2768,14,1,15
2769,38,1,16
2770,15,1,37
2771,33,1,28
2772,41,1,21
2773,1,1,39
2774,22,1,3
2775,39,1,37
2776,20,1,27
2777,29,1,51
2778,35,1,12
2779,53,1,39
2780,44,1,27
2781,16,1,36
2782,48,1,25
2783,24,1,12
2784,2,1,47
2785,16,1,12
2786,36,1,19
2787,37,1,6
2788,19,1,49
2789,39,1,40
2790,11,1,34
2791,17,1,20
2792,26,1,15
2793,37,1,17
2794,20,1,22
2795,16,1,33
2796,16,1,28
2797,38,1,37
2798,46,1,37
2799,35,1,40
2800,6,1,20
2801,53,1,4
2802,47,1,32
2803,5,1,11
2804,29,1,12
2805,48,1,41
2806,1,1,29
2807,28,1,41
2808,39,1,21
2809,32,1,43
2810,49,1,4
2811,10,1,3
2812,52,1,36
2813,49,1,35
2814,28,1,46
2815,14,1,24
2816,16,1,12
2817,26,1,21
2818,8,1,41
2819,29,1,5
2820,50,1,10
2821,9,1,46
2822,18,1,10
2823,44,1,31
2824,9,1,45
2825,22,1,45
2826,52,1,34
2827,15,1,9
2828,3,1,50
2829,8,1,43
2830,39,1,3
2831,46,1,38
2832,17,1,47
2833,12,1,21
2834,26,1,4
2835,22,1,44
2836,16,1,46
2837,34,1,51
2838,48,1,1
2839,34,1,20
2840,53,1,42
2841,23,1,49
2842,2,1,36
2843,11,1,3
2844,34,1,36
2845,15,1,32
2846,9,1,42
2847,33,1,37
2848,51,1,7
2849,16,1,50
2850,39,1,30
2851,40,1,28
2852,41,1,29
2853,23,1,33
2854,20,1,39
2855,19,1,8
2856,12,1,25
2857,48,1,15
2858,27,1,45
2859,17,1,21
2860,14,1,45
2861,11,1,40
2862,49,1,21
2863,51,1,11
2864,20,1,7
2865,41,1,13
2866,11,1,5
2867,37,1,7
2868,4,1,6
2869,28,1,6
2870,40,1,10
2871,30,1,35
2872,29,1,12
2873,46,1,7
2874,27,1,27
2875,19,1,6
2876,7,1,17
2877,48,1,32
2878,15,1,31
2879,46,1,5
2880,45,1,35
2881,2,1,9
2882,21,1,44
2883,42,1,37
2884,5,1,40
2885,38,1,4
2886,12,1,29
2887,25,1,45
2888,6,1,17
2889,53,1,50
2890,47,1,24
2891,22,1,35
2892,30,1,36
2893,5,1,29
2894,52,1,17
2895,18,1,17
2896,39,1,27
2897,13,1,8
2898,26,1,27
2899,6,1,31
2900,33,1,28
2901,24,1,21
2902,24,1,1
2903,10,1,34
2904,21,1,8
2905,24,1,15
2906,41,1,33
2907,41,1,47
2908,2,1,21
2909,26,1,44
2910,10,1,19
2911,15,1,25
2912,11,1,36
2913,31,1,38
2914,26,1,51
2915,28,1,39
2916,9,1,38
2917,45,1,37
2918,41,1,6
2919,2,1,33
2920,47,1,24
2921,16,1,44
2922,3,1,50
2923,28,1,17
2924,11,1,39
2925,30,1,40
2926,37,1,13
2927,47,1,21
2928,28,1,26
2929,23,1,1
2930,14,1,20
2931,21,1,25
2932,19,1,1
2933,48,1,2
2934,10,1,13
2935,21,1,12
2936,41,1,34
2937,14,1,48
2938,11,1,49
2939,11,1,20
2940,15,1,17
2941,44,1,22
2942,21,1,39
2943,37,1,11
2944,12,1,47
2945,33,1,33
2946,15,1,8
2947,21,1,11
2948,35,1,28
2949,44,1,46
2950,8,1,15
2951,5,1,15
2952,30,1,4
2953,33,1,1
2954,28,1,21
2955,16,1,42
2956,25,1,46
2957,35,1,27
2958,52,1,42
2959,38,1,36
2960,21,1,44
2961,40,1,14
2962,16,1,30
2963,40,1,5
2964,35,1,20
2965,27,1,36
2966,31,1,8
2967,35,1,37
2968,17,1,14
2969,9,1,41
2970,19,1,46
2971,7,1,16
2972,13,1,45
2973,14,1,33
2974,8,1,14
2975,40,1,43
2976,44,1,10
2977,13,1,28
2978,21,1,48
2979,36,1,12
2980,14,1,19
2981,53,1,31
2982,4,1,8
2983,16,1,50
2984,43,1,49
2985,28,1,44
2986,29,1,11
2987,45,1,3
2988,46,1,19
2989,52,1,29
2990,29,1,40
2991,52,1,13
2992,49,1,45
2993,24,1,35
2994,15,1,16
2995,52,1,29
2996,12,1,47
2997,53,1,45
2998,24,1,12
2999,14,1,2
3000,14,1,30
3001,40,1,36
3002,12,1,27
3003,53,1,19
3004,34,1,38
3005,28,1,3
3006,1,1,2
3007,20,1,45
3008,6,1,33
3009,22,1,32
3010,45,1,19
3011,53,1,36
3012,3,1,29
3013,25,1,12
3014,24,1,3
3015,7,1,45
3016,20,1,51
3017,13,1,14
3018,41,1,50
3019,26,1,44
3020,2,1,45
3021,6,1,4
3022,48,1,39
3023,41,1,10
3024,33,1,14
3025,50,1,12
3026,23,1,27
3027,38,1,43
3028,35,1,49
3029,45,1,5
3030,47,1,10
3031,26,1,21
3032,44,1,12
3033,9,1,5
3034,5,1,1
3035,34,1,45
3036,52,1,17
3037,33,1,46
3038,34,1,15
3039,39,1,10
3040,42,1,1
3041,1,1,28
3042,31,1,40
3043,36,1,42
3044,28,1,13
3045,4,1,34
3046,25,1,9
3047,43,1,39
3048,4,1,46
3049,52,1,6
3050,23,1,45
3051,14,1,17
3052,27,1,51
3053,31,1,20
3054,15,1,20
3055,25,1,30
3056,10,1,16
3057,52,1,31
3058,50,1,34
3059,24,1,49
3060,29,1,17
3061,30,1,5
3062,16,1,42
3063,34,1,5
3064,9,1,7
3065,5,1,12
3066,32,1,35
3067,41,1,23
3068,53,1,26
3069,15,1,5
3070,45,1,8
3071,35,1,1
3072,6,1,30
3073,9,1,33
3074,41,1,38
3075,9,1,22
3076,37,1,45
3077,49,1,30
3078,43,1,13
3079,15,1,2
3080,31,1,51
3081,52,1,6
3082,47,1,46
3083,39,1,45
3084,5,1,13
3085,29,1,12
3086,7,1,29
3087,30,1,45
3088,45,1,34
3089,17,1,4
3090,33,1,34
3091,12,1,44
3092,51,1,29
3093,35,1,45
3094,12,1,39
3095,5,1,10
3096,45,1,24
3097,52,1,16
3098,31,1,8
3099,49,1,32
3100,25,1,23
3101,33,1,46
3102,15,1,12
3103,34,1,42
3104,10,1,13
3105,26,1,10
3106,31,1,38
3107,45,1,1
3108,48,1,11
3109,33,1,38
3110,43,1,13
3111,2,1,44
3112,4,1,16
3113,2,1,44
3114,29,1,28
3115,4,1,4
3116,9,1,42
3117,33,1,27
3118,26,1,9
3119,44,1,47
3120,46,1,19
3121,29,1,19
3122,46,1,19
3123,6,1,10
3124,40,1,15
3125,40,1,5
3126,16,1,38
3127,40,1,20
3128,38,1,19
3129,48,1,4
3130,43,1,21
3131,35,1,46
3132,17,1,35
3133,16,1,23
3134,41,1,4
3135,18,1,17
3136,51,1,14
3137,41,1,24
3138,17,1,19
3139,30,1,17
3140,18,1,10
3141,17,1,2
3142,19,1,25
3143,6,1,16
3144,51,1,3
3145,6,1,20
3146,40,1,44
3147,4,1,47
3148,28,1,35
3149,20,1,49
3150,1,1,34
3151,38,1,10
3152,35,1,32
3153,32,1,34
3154,39,1,1
3155,10,1,7
3156,5,1,27
3157,1,1,27
3158,4,1,20
3159,13,1,25
3160,45,1,19
3161,11,1,28
3162,49,1,22
3163,49,1,50
3164,32,1,28
3165,23,1,3
3166,32,1,11
3167,2,1,10
3168,7,1,38
3169,14,1,27
3170,18,1,10
3171,48,1,40
3172,51,1,43
3173,40,1,26
3174,52,1,48
3175,28,1,37
3176,18,1,7
3177,19,1,4
3178,38,1,26
3179,49,1,48
3180,40,1,12
3181,1,1,27
3182,14,1,27
3183,33,1,10
3184,33,1,25
3185,44,1,11
3186,35,1,36
3187,21,1,47
3188,50,1,44
3189,25,1,46
3190,8,1,16
3191,24,1,5
3192,45,1,25
3193,2,1,15
3194,46,1,47
3195,26,1,21
3196,51,1,26
3197,7,1,50
3198,10,1,20
3199,44,1,39
3200,42,1,20
3201,50,1,26
3202,29,1,46
3203,48,1,50
3204,46,1,31
3205,40,1,32
3206,23,1,6
3207,19,1,5
3208,50,1,3
3209,44,1,14
3210,47,1,4
3211,13,1,29
3212,36,1,40
3213,10,1,51
3214,10,1,44
3215,36,1,48
3216,17,1,40
3217,22,1,13
3218,27,1,38
3219,20,1,9
3220,40,1,16
3221,21,1,35
3222,4,1,30
3223,28,1,44
3224,51,1,27
3225,20,1,8
3226,36,1,30
3227,40,1,24
3228,11,1,2
3229,20,1,7
3230,37,1,7
3231,32,1,16
3232,45,1,29
3233,28,1,22
3234,28,1,14
3235,32,1,48
3236,10,1,16
3237,46,1,41
3238,44,1,46
3239,8,1,51
3240,16,1,6
3241,39,1,49
3242,33,1,7
3243,28,1,38
3244,28,1,12
3245,48,1,4
3246,46,1,16
3247,53,1,23
3248,36,1,4
3249,5,1,39
3250,9,1,47
3251,6,1,24
3252,8,1,29
3253,52,1,27
3254,19,1,28
3255,4,1,14
3256,40,1,31
3257,43,1,50
3258,27,1,24
3259,14,1,31
3260,40,1,37
3261,22,1,50
3262,31,1,40
3263,25,1,14
3264,39,1,46
3265,11,1,20
3266,23,1,1
3267,32,1,1
3268,20,1,12
3269,5,1,4
3270,10,1,36
3271,42,1,13
3272,18,1,29
3273,41,1,44
3274,41,1,29
3275,29,1,37
3276,26,1,1
3277,22,1,42
3278,42,1,44
3279,42,1,27
3280,42,1,51
3281,28,1,33
3282,10,1,38
3283,7,1,5
3284,30,1,34
3285,53,1,17
3286,41,1,11
3287,28,1,13
3288,7,1,49
3289,50,1,41
3290,14,1,27
3291,35,1,35
3292,12,1,32
3293,45,1,26
3294,2,1,49
3295,45,1,41
3296,53,1,49
3297,3,1,2
3298,50,1,49
3299,48,1,32
3300,28,1,42
3301,9,1,37
3302,19,1,37
3303,19,1,1
3304,3,1,25
3305,13,1,25
3306,17,1,28
3307,46,1,6
3308,1,1,39
3309,38,1,45
3310,31,1,22
3311,28,1,15
3312,12,1,9
3313,38,1,19
3314,38,1,16
3315,38,1,16
3316,31,1,17
3317,25,1,32
3318,4,1,34
3319,28,1,35
3320,6,1,35
3321,49,1,13
3322,15,1,20
3323,35,1,14
3324,37,1,35
3325,20,1,26
3326,12,1,2
3327,30,1,35
3328,30,1,7
3329,25,1,50
3330,17,1,31
3331,21,1,26
3332,38,1,5
3333,10,1,48
3334,38,1,24
3335,49,1,5
3336,27,1,44
3337,22,1,27
3338,6,1,3
3339,12,1,24
3340,3,1,28
3341,25,1,47
3342,38,1,7
3343,49,1,31
3344,7,1,17
3345,45,1,48
3346,11,1,9
3347,13,1,37
3348,5,1,15
3349,11,1,30
3350,18,1,10
3351,28,1,25
3352,26,1,30
3353,38,1,48
3354,14,1,36
3355,25,1,21
3356,23,1,8
3357,22,1,43
3358,24,1,4
3359,39,1,43
3360,26,1,30
3361,5,1,24
3362,30,1,9
3363,33,1,43
3364,41,1,5
3365,33,1,38
3366,26,1,43
3367,21,1,34
3368,27,1,43
3369,13,1,28
3370,30,1,20
3371,13,1,13
3372,32,1,6
3373,39,1,39
3374,53,1,24
3375,5,1,29
3376,34,1,7
3377,5,1,36
3378,20,1,17
3379,32,1,24
3380,44,1,43
3381,24,1,35
3382,40,1,24
3383,17,1,28
3384,10,1,8
3385,22,1,24
3386,45,1,40
3387,17,1,23
3388,36,1,31
3389,18,1,42
3390,21,1,34
3391,15,1,38
3392,30,1,27
3393,36,1,31
3394,43,1,3
3395,14,1,46
3396,27,1,6
3397,12,1,43
3398,2,1,31
3399,37,1,27
3400,23,1,27
3401,22,1,29
3402,27,1,29
3403,5,1,19
3404,13,1,13
3405,52,1,41
3406,11,1,48
3407,40,1,28
3408,29,1,1
3409,31,1,27
3410,7,1,24
3411,33,1,36
3412,12,1,33
3413,44,1,14
3414,17,1,8
3415,10,1,7
3416,21,1,33
3417,8,1,1
3418,37,1,22
3419,36,1,41
3420,6,1,49
3421,2,1,17
3422,40,1,31
3423,2,1,33
3424,16,1,22
3425,16,1,9
3426,21,1,23
3427,30,1,38
3428,22,1,23
3429,15,1,48
3430,10,1,2
3431,50,1,27
3432,29,1,32
3433,19,1,7
3434,45,1,2
3435,14,1,36
3436,51,1,27
3437,40,1,28
3438,5,1,37
3439,9,1,17
3440,26,1,12
3441,28,1,21
3442,47,1,43
3443,11,1,23
3444,30,1,43
3445,36,1,40
3446,25,1,9
3447,34,1,19
3448,45,1,4
3449,1,1,17
3450,31,1,16
3451,3,1,46
3452,15,1,29
3453,9,1,37
3454,14,1,1
3455,38,1,19
3456,32,1,36
3457,25,1,44
3458,47,1,21
3459,51,1,49
3460,51,1,36
3461,24,1,14
3462,34,1,51
3463,27,1,23
3464,10,1,20
3465,19,1,45
3466,2,1,15
3467,32,1,21
3468,1,1,44
3469,19,1,36
3470,19,1,35
3471,2,1,49
3472,26,1,34
3473,14,1,10
3474,46,1,16
3475,24,1,20
3476,31,1,41
3477,51,1,41
3478,36,1,17
3479,19,1,3
3480,29,1,33
3481,4,1,30
3482,35,1,36
3483,49,1,11
3484,2,1,44
3485,27,1,13
3486,33,1,22
3487,34,1,34
3488,8,1,49
3489,45,1,8
3490,31,1,12
3491,45,1,38
3492,5,1,20
3493,31,1,42
3494,31,1,32
3495,45,1,48
3496,7,1,10
3497,22,1,12
3498,18,1,6
3499,30,1,17
3500,5,1,31
3501,21,1,38
3502,36,1,28
3503,14,1,22
3504,14,1,28
3505,48,1,11
3506,31,1,14
3507,1,1,13
3508,29,1,6
3509,35,1,39
3510,33,1,36
3511,32,1,39
3512,52,1,25
3513,19,1,17
3514,13,1,2
3515,8,1,10
3516,2,1,42
3517,17,1,41
3518,12,1,43
3519,33,1,6
3520,14,1,50
3521,24,1,10
3522,35,1,21
3523,10,1,31
3524,32,1,29
3525,52,1,23
3526,28,1,51
3527,3,1,22
3528,8,1,48
3529,21,1,20
3530,38,1,27
3531,45,1,37
3532,37,1,35
3533,44,1,7
3534,33,1,44
3535,48,1,8
3536,51,1,25
3537,38,1,24
3538,40,1,10
3539,39,1,15
3540,12,1,33
3541,7,1,29
3542,42,1,47
3543,45,1,12
3544,41,1,6
3545,47,1,50
3546,31,1,7
3547,43,1,16
3548,35,1,39
3549,46,1,45
3550,27,1,38
3551,46,1,49
3552,49,1,27
3553,5,1,17
3554,45,1,24
3555,22,1,19
3556,8,1,8
3557,53,1,3
3558,35,1,29
3559,51,1,2
3560,1,1,45
3561,1,1,16
3562,46,1,34
3563,30,1,21
3564,26,1,20
3565,43,1,13
3566,32,1,39
3567,11,1,2
3568,15,1,32
3569,12,1,4
3570,18,1,2
3571,6,1,19
3572,53,1,35
3573,6,1,40
3574,26,1,7
3575,12,1,33
3576,44,1,17
3577,12,1,20
3578,49,1,26
3579,29,1,10
3580,17,1,3
3581,34,1,30
3582,9,1,10
3583,6,1,5
3584,35,1,3
3585,22,1,9
3586,22,1,33
3587,16,1,12
3588,16,1,47
3589,6,1,23
3590,14,1,30
3591,10,1,42
3592,31,1,42
3593,44,1,31
3594,46,1,51
3595,2,1,1
3596,4,1,42
3597,11,1,41
3598,12,1,32
3599,6,1,7
3600,20,1,16
3601,50,1,41
3602,17,1,34
3603,41,1,51
3604,28,1,19
3605,46,1,19
3606,51,1,1
3607,24,1,24
3608,33,1,32
3609,7,1,43
3610,4,1,32
3611,1,1,44
3612,46,1,48
3613,30,1,23
3614,41,1,24
3615,29,1,8
3616,18,1,5
3617,25,1,50
3618,31,1,17
3619,11,1,29
3620,27,1,34
3621,43,1,19
3622,21,1,31
3623,29,1,50
3624,22,1,4
3625,5,1,44
3626,27,1,13
3627,52,1,25
3628,22,1,8
3629,36,1,10
3630,35,1,16
3631,48,1,37
3632,31,1,31
3633,10,1,45
3634,22,1,27
3635,42,1,36
3636,35,1,6
3637,33,1,5
3638,15,1,45
3639,23,1,16
3640,9,1,13
3641,30,1,24
3642,34,1,33
3643,30,1,3
3644,36,1,43
3645,18,1,4
3646,21,1,6
3647,52,1,29
3648,30,1,16
3649,14,1,33
3650,51,1,24
3651,34,1,36
3652,3,1,3
3653,10,1,17
3654,50,1,24
3655,4,1,4
3656,3,1,51
3657,18,1,35
3658,41,1,1
3659,11,1,25
3660,10,1,13
3661,2,1,4
3662,46,1,16
3663,52,1,40
3664,48,1,9
3665,46,1,26
3666,11,1,34
3667,50,1,1
3668,34,1,48
3669,42,1,23
3670,8,1,48
3671,14,1,46
3672,45,1,13
3673,34,1,33
3674,15,1,40
3675,18,1,48
3676,53,1,47
3677,2,1,50
3678,15,1,23
3679,39,1,44
3680,36,1,12
3681,5,1,15
3682,9,1,7
3683,25,1,51
3684,13,1,25
3685,12,1,39
3686,30,1,43
3687,42,1,19
3688,17,1,4
3689,35,1,49
3690,30,1,41
3691,7,1,16
3692,46,1,23
3693,42,1,1
3694,49,1,42
3695,28,1,40
3696,21,1,9
3697,46,1,7
3698,38,1,39
3699,8,1,5
3700,34,1,37
3701,11,1,35
3702,29,1,32
3703,41,1,41
3704,13,1,23
3705,51,1,26
3706,11,1,6
3707,9,1,16
3708,18,1,13
3709,23,1,41
3710,14,1,45
3711,43,1,11
3712,52,1,44
3713,34,1,38
3714,32,1,3
3715,1,1,33
3716,46,1,28
3717,40,1,46
3718,28,1,21
3719,19,1,43
3720,3,1,39
3721,4,1,41
3722,45,1,7
3723,6,1,17
3724,9,1,40
3725,13,1,6
3726,1,1,37
3727,30,1,12
3728,24,1,20
3729,45,1,46
3730,11,1,40
3731,29,1,9
3732,37,1,49
3733,19,1,14
3734,8,1,13
3735,21,1,5
3736,21,1,22
3737,25,1,12
3738,2,1,17
3739,17,1,8
3740,21,1,12
3741,25,1,47
3742,41,1,3
3743,39,1,21
3744,45,1,12
3745,7,1,31
3746,43,1,48
3747,36,1,12
3748,9,1,40
3749,17,1,8
3750,7,1,2
3751,25,1,3
3752,19,1,1
3753,7,1,48
3754,22,1,19
3755,29,1,28
3756,47,1,39
3757,47,1,41
3758,44,1,5
3759,44,1,14
3760,27,1,26
3761,48,1,7
3762,43,1,29
3763,48,1,33
3764,10,1,37
3765,19,1,42
3766,5,1,26
3767,45,1,44
3768,42,1,33
3769,33,1,46
3770,34,1,3
3771,6,1,27
3772,4,1,37
3773,27,1,30
3774,8,1,50
3775,40,1,2
3776,24,1,42
3777,2,1,2
3778,26,1,45
3779,8,1,42
3780,43,1,5
3781,37,1,25
3782,35,1,43
3783,23,1,1
3784,22,1,20
3785,37,1,47
3786,47,1,30
3787,14,1,43
3788,20,1,33
3789,26,1,16
3790,39,1,35
3791,10,1,2
3792,23,1,44
3793,26,1,22
3794,45,1,8
3795,27,1,42
3796,28,1,4
3797,23,1,45
3798,51,1,5
3799,46,1,40
3800,43,1,37
3801,2,1,46
3802,9,1,17
3803,53,1,13
3804,31,1,7
3805,20,1,9
3806,31,1,31
3807,1,1,26
3808,21,1,23
3809,16,1,48
3810,40,1,33
3811,29,1,50
3812,29,1,12
3813,33,1,23
3814,44,1,10
3815,28,1,23
3816,15,1,20
3817,12,1,21
3818,49,1,26
3819,53,1,38
3820,19,1,4
3821,17,1,30
3822,3,1,38
3823,53,1,16
3824,33,1,5
3825,37,1,10
3826,32,1,11
3827,33,1,27
3828,45,1,27
3829,25,1,25
3830,52,1,48
3831,5,1,39
3832,19,1,29
3833,47,1,16
3834,27,1,3
3835,26,1,43
3836,41,1,39
3837,45,1,2
3838,28,1,32
3839,30,1,40
3840,49,1,7
3841,13,1,12
3842,51,1,25
3843,18,1,6
3844,47,1,10
3845,13,1,27
3846,41,1,5
3847,40,1,39
3848,43,1,8
3849,5,1,30
3850,29,1,9
3851,10,1,25
3852,33,1,27
3853,48,1,25
3854,44,1,43
3855,40,1,9
3856,23,1,13
3857,22,1,47
3858,25,1,44
3859,13,1,26
3860,48,1,25
3861,40,1,39
3862,47,1,51
3863,39,1,12
3864,23,1,30
3865,38,1,51
3866,8,1,28
3867,41,1,2
3868,29,1,21
3869,1,1,21
3870,9,1,3
3871,44,1,36
3872,38,1,24
3873,24,1,30
3874,25,1,19
3875,53,1,29
3876,46,1,30
3877,43,1,50
3878,11,1,29
3879,43,1,41
3880,9,1,9
3881,25,1,22
3882,39,1,10
3883,18,1,35
3884,17,1,35
3885,30,1,21
3886,32,1,32
3887,20,1,15
3888,23,1,16
3889,28,1,47
3890,40,1,2
3891,18,1,28
3892,19,1,6
3893,18,1,23
3894,4,1,22
3895,49,1,7
3896,23,1,47
3897,35,1,15
3898,29,1,31
3899,27,1,24
3900,35,1,5