cust_id,subscription_status,previous_purchases,payment_method,frequency_of_purchases
1,1,14,6,4
2,1,2,2,4
3,1,23,3,7
4,1,49,5,7
5,1,31,5,1
6,1,14,6,7
7,1,49,2,6
8,1,19,3,7
9,1,8,6,1
10,1,4,2,6
11,1,26,1,2
12,1,10,1,4
13,1,37,6,4
14,1,31,5,7
15,1,34,4,7
16,1,8,5,5
17,1,44,4,2
18,1,36,6,6
19,1,17,2,7
20,1,46,4,2
21,1,50,2,3
22,1,22,4,6
23,1,32,4,1
24,1,40,3,7
25,1,16,4,7
26,1,14,5,1
27,1,13,3,1
28,1,7,1,3
29,1,41,5,3
30,1,14,3,7
31,1,16,3,5
32,1,45,6,5
33,1,37,6,1
34,1,45,2,6
35,1,38,5,6
36,1,48,3,2
37,1,44,5,4
38,1,10,5,7
39,1,44,6,3
40,1,18,3,5
41,1,31,4,6
42,1,40,6,1
43,1,15,5,1
44,1,19,5,4
45,1,45,5,7
46,1,25,5,1
47,1,45,2,6
48,1,36,2,7
49,1,38,2,5
50,1,34,4,2
51,1,39,4,2
52,1,7,3,6
53,1,26,3,7
54,1,35,3,7
55,1,35,4,2
56,1,49,3,1
57,1,46,3,7
58,1,17,4,4
59,1,29,6,5
60,1,4,4,7
61,1,17,2,7
62,1,21,3,3
63,1,31,3,4
64,1,43,3,7
65,1,18,4,4
66,1,44,6,3
67,1,3,6,3
68,1,49,4,5
69,1,21,2,3
70,1,5,2,7
71,1,32,4,3
72,1,34,1,1
73,1,21,1,3
74,1,43,1,2
75,1,3,2,5
76,1,21,3,1
77,1,32,6,5
78,1,36,4,4
79,1,50,6,4
80,1,43,1,3
81,1,24,3,3
82,1,36,3,3
83,1,21,3,3
84,1,34,1,7
85,1,42,1,3
86,1,2,4,2
87,1,47,2,2
88,1,44,4,4
89,1,35,3,5
90,1,15,2,6
91,1,29,3,5
92,1,18,3,3
93,1,13,6,3
94,1,46,3,7
95,1,28,3,7
96,1,48,5,5
97,1,43,6,3
98,1,37,2,1
99,1,20,1,1
100,1,33,4,6
101,1,31,2,4
102,1,50,3,2
103,1,35,3,6
104,1,22,6,2
105,1,1,5,5
106,1,4,1,1
107,1,31,3,5
108,1,46,5,4
109,1,32,1,2
110,1,43,1,4
111,1,26,6,4
112,1,9,3,1
113,1,28,5,2
114,1,20,5,6
115,1,9,2,7
116,1,48,4,3
117,1,12,6,1
118,1,29,2,4
119,1,27,2,2
120,1,44,2,1
121,1,32,1,1
122,1,11,2,4
123,1,44,2,4
124,1,46,2,7
125,1,50,5,1
126,1,45,6,3
127,1,48,2,3
128,1,26,3,7
129,1,21,3,4
130,1,49,5,2
131,1,13,5,4
132,1,46,3,7
133,1,42,5,7
134,1,25,6,1
135,1,25,2,5
136,1,12,5,6
137,1,4,4,6
138,1,38,5,7
139,1,42,1,7
140,1,30,6,1
141,1,50,3,7
142,1,45,5,7
143,1,33,3,4
144,1,25,5,6
145,1,25,2,5
146,1,44,4,6
147,1,21,6,4
148,1,31,1,4
149,1,47,4,1
150,1,14,5,5
151,1,17,4,3
152,1,3,6,1
153,1,42,6,1
154,1,22,4,1
155,1,21,6,6
156,1,21,1,6
157,1,40,4,1
158,1,1,1,4
159,1,50,1,5
160,1,39,1,3
161,1,34,6,5
162,1,29,6,4
163,1,31,5,2
164,1,8,4,7
165,1,5,3,4
166,1,7,2,5
167,1,30,2,5
168,1,14,3,3
169,1,5,2,4
170,1,3,5,3
171,1,46,6,2
172,1,4,3,7
173,1,42,3,2
174,1,30,2,1
175,1,37,6,1
176,1,2,1,1
177,1,30,3,6
178,1,47,1,5
179,1,21,5,6
180,1,9,1,4
181,1,12,4,4
182,1,4,1,7
183,1,10,4,1
184,1,26,3,7
185,1,40,2,4
186,1,34,1,4
187,1,31,4,1
188,1,1,1,2
189,1,5,1,2
190,1,4,3,7
191,1,48,6,6
192,1,29,2,3
193,1,12,5,2
194,1,29,6,1
195,1,15,4,6
196,1,34,3,5
197,1,41,3,4
198,1,41,3,5
199,1,39,3,4
200,1,32,2,7
201,1,29,6,5
202,1,15,1,1
203,1,33,6,1
204,1,18,1,7
205,1,35,2,2
206,1,25,5,7
207,1,6,6,4
208,1,17,1,2
209,1,17,3,5
210,1,44,2,3
211,1,6,5,4
212,1,45,4,4
213,1,7,4,1
214,1,11,4,3
215,1,41,2,3
216,1,24,5,2
217,1,21,6,7
218,1,24,1,1
219,1,8,3,6
220,1,12,2,4
221,1,48,4,4
222,1,6,1,6
223,1,14,5,4
224,1,34,5,1
225,1,12,2,3
226,1,11,1,1
227,1,5,5,5
228,1,25,6,4
229,1,11,3,1
230,1,27,5,3
231,1,43,3,1
232,1,18,4,3
233,1,32,1,2
234,1,27,1,3
235,1,24,3,7
236,1,31,4,6
237,1,39,5,4
238,1,36,4,4
239,1,5,2,1
240,1,47,3,2
241,1,29,1,4
242,1,43,6,2
243,1,40,4,3
244,1,4,4,5
245,1,39,5,7
246,1,45,6,4
247,1,20,6,2
248,1,14,4,7
249,1,33,5,7
250,1,18,3,1
251,1,9,1,7
252,1,34,5,1
253,1,33,6,4
254,1,15,1,2
255,1,4,5,2
256,1,25,4,1
257,1,20,3,3
258,1,5,3,6
259,1,16,2,6
260,1,13,4,1
261,1,11,3,3
262,1,21,3,1
263,1,6,4,1
264,1,29,6,5
265,1,15,2,1
266,1,17,1,2
267,1,32,3,7
268,1,42,6,1
269,1,21,2,5
270,1,9,2,2
271,1,16,1,1
272,1,42,3,4
273,1,37,4,2
274,1,32,4,6
275,1,28,2,2
276,1,13,3,7
277,1,11,1,4
278,1,36,1,2
279,1,23,4,1
280,1,37,1,5
281,1,21,2,2
282,1,22,4,2
283,1,9,2,5
284,1,16,6,1
285,1,4,5,6
286,1,3,4,2
287,1,6,4,1
288,1,18,6,4
289,1,34,6,2
290,1,26,3,5
291,1,50,5,7
292,1,40,1,5
293,1,24,2,6
294,1,33,5,1
295,1,19,3,3
296,1,24,3,6
297,1,19,3,7
298,1,4,3,2
299,1,11,6,3
300,1,28,5,4
301,1,24,5,7
302,1,25,3,3
303,1,27,1,3
304,1,49,6,7
305,1,45,3,2
306,1,26,5,1
307,1,4,2,1
308,1,3,3,3
309,1,45,6,2
310,1,21,2,4
311,1,50,2,4
312,1,19,1,5
313,1,6,5,1
314,1,50,3,3
315,1,17,4,3
316,1,24,4,1
317,1,46,6,5
318,1,42,2,3
319,1,10,2,1
320,1,1,2,3
321,1,28,4,6
322,1,48,4,6
323,1,47,3,5
324,1,29,5,2
325,1,37,6,6
326,1,38,4,1
327,1,48,1,7
328,1,36,5,7
329,1,9,3,7
330,1,34,1,5
331,1,43,6,2
332,1,46,5,6
333,1,5,3,5
334,1,15,1,2
335,1,30,3,1
336,1,44,6,3
337,1,16,5,1
338,1,16,1,1
339,1,16,2,7
340,1,21,3,3
341,1,39,6,3
342,1,40,4,2
343,1,48,3,3
344,1,26,6,5
345,1,46,4,5
346,1,27,1,1
347,1,5,2,7
348,1,43,5,4
349,1,17,5,4
350,1,3,1,2
351,1,47,1,4
352,1,24,4,2
353,1,12,2,3
354,1,35,4,5
355,1,42,6,7
356,1,1,5,3
357,1,27,2,7
358,1,16,3,2
359,1,36,3,3
360,1,30,3,3
361,1,18,4,4
362,1,45,2,1
363,1,1,6,4
364,1,42,1,4
365,1,7,6,3
366,1,50,5,6
367,1,37,6,4
368,1,18,1,5
369,1,29,2,5
370,1,45,5,6
371,1,13,5,7
372,1,47,5,5
373,1,7,4,7
374,1,11,6,2
375,1,39,1,5
376,1,6,4,6
377,1,2,6,2
378,1,39,3,3
379,1,23,3,5
380,1,46,4,2
381,1,19,1,7
382,1,3,3,3
383,1,47,5,6
384,1,6,5,6
385,1,6,6,1
386,1,12,3,2
387,1,40,5,6
388,1,38,5,4
389,1,10,5,6
390,1,28,1,5
391,1,19,5,1
392,1,25,2,4
393,1,38,3,1
394,1,6,5,4
395,1,7,4,2
396,1,2,5,1
397,1,24,1,1
398,1,26,2,1
399,1,25,4,3
400,1,10,4,5
401,1,14,5,4
402,1,21,2,6
403,1,26,5,5
404,1,12,1,1
405,1,11,3,5
406,1,15,2,1
407,1,13,2,5
408,1,5,3,2
409,1,36,2,4
410,1,32,1,5
411,1,1,3,6
412,1,15,5,1
413,1,3,1,7
414,1,48,2,5
415,1,30,4,7
416,1,40,1,5
417,1,24,1,4
418,1,48,4,6
419,1,27,6,2
420,1,14,3,3
421,1,18,4,2
422,1,48,2,2
423,1,32,4,1
424,1,21,3,2
425,1,42,5,4
426,1,4,3,6
427,1,19,3,6
428,1,6,3,6
429,1,2,4,4
430,1,21,2,4
431,1,40,4,1
432,1,33,2,4
433,1,26,6,7
434,1,23,3,4
435,1,39,5,3
436,1,42,1,5
437,1,41,1,7
438,1,41,5,1
439,1,12,3,4
440,1,31,2,5
441,1,34,4,4
442,1,32,3,1
443,1,31,3,6
444,1,24,5,1
445,1,31,4,1
446,1,18,6,1
447,1,15,6,5
448,1,7,1,3
449,1,35,1,4
450,1,35,1,5
451,1,19,3,5
452,1,26,3,4
453,1,39,5,4
454,1,22,3,7
455,1,14,2,2
456,1,50,4,4
457,1,33,3,6
458,1,48,4,3
459,1,48,5,5
460,1,27,5,4
461,1,27,1,7
462,1,20,6,7
463,1,48,6,3
464,1,29,6,7
465,1,45,5,5
466,1,25,2,6
467,1,25,5,7
468,1,37,4,3
469,1,16,2,6
470,1,30,4,2
471,1,6,2,3
472,1,36,1,6
473,1,3,1,6
474,1,29,5,3
475,1,15,2,6
476,1,18,4,1
477,1,2,4,4
478,1,49,4,7
479,1,48,6,1
480,1,43,6,5
481,1,30,4,2
482,1,10,5,4
483,1,11,6,1
484,1,12,4,7
485,1,28,1,6
486,1,36,4,4
487,1,37,6,3
488,1,22,3,6
489,1,32,6,7
490,1,40,5,1
491,1,47,2,5
492,1,24,3,2
493,1,11,4,7
494,1,19,2,2
495,1,42,4,7
496,1,6,4,4
497,1,31,6,4
498,1,31,2,7
499,1,27,1,5
500,1,24,5,5
501,1,35,6,3
502,1,21,6,1
503,1,8,5,4
504,1,26,1,6
505,1,26,5,1
506,1,9,2,2
507,1,48,4,1
508,1,33,4,4
509,1,31,5,6
510,1,17,4,7
511,1,22,6,1
512,1,8,5,1
513,1,2,1,5
514,1,45,6,1
515,1,47,5,6
516,1,7,2,5
517,1,19,4,2
518,1,44,2,3
519,1,16,6,3
520,1,17,1,6
521,1,20,4,6
522,1,50,1,1
523,1,37,2,6
524,1,5,5,6
525,1,44,5,1
526,1,41,4,5
527,1,19,2,5
528,1,47,1,3
529,1,40,2,1
530,1,6,3,5
531,1,25,3,2
532,1,42,2,7
533,1,35,1,3
534,1,17,4,7
535,1,4,5,6
536,1,24,1,7
537,1,16,4,3
538,1,14,4,1
539,1,43,2,7
540,1,49,4,7
541,1,33,2,3
542,1,45,2,2
543,1,35,2,2
544,1,11,3,5
545,1,30,1,3
546,1,48,4,1
547,1,45,6,2
548,1,26,6,7
549,1,41,4,3
550,1,37,6,2
551,1,12,5,7
552,1,27,2,2
553,1,18,1,7
554,1,15,3,6
555,1,34,1,7
556,1,37,6,1
557,1,21,2,4
558,1,31,4,7
559,1,43,4,3
560,1,22,1,5
561,1,12,4,1
562,1,25,5,4
563,1,40,4,1
564,1,16,4,6
565,1,30,1,7
566,1,10,6,7
567,1,1,4,4
568,1,24,6,4
569,1,36,5,5
570,1,46,3,3
571,1,20,2,1
572,1,37,6,7
573,1,26,1,1
574,1,23,3,2
575,1,20,1,2
576,1,38,5,5
577,1,5,3,3
578,1,41,6,1
579,1,22,3,4
580,1,48,3,1
581,1,10,5,7
582,1,12,1,3
583,1,2,1,6
584,1,38,5,5
585,1,20,4,5
586,1,5,2,3
587,1,9,6,1
588,1,48,4,3
589,1,9,4,6
590,1,40,5,1
591,1,30,6,4
592,1,6,4,2
593,1,42,6,3
594,1,9,5,3
595,1,6,4,5
596,1,47,5,6
597,1,36,6,1
598,1,19,1,4
599,1,30,2,3
600,1,27,4,3
601,1,25,6,5
602,1,5,2,4
603,1,10,2,3
604,1,26,5,3
605,1,11,3,3
606,1,17,1,7
607,1,44,5,5
608,1,44,2,5
609,1,21,6,3
610,1,49,3,4
611,1,27,1,3
612,1,19,2,5
613,1,33,3,6
614,1,46,2,2
615,1,21,3,2
616,1,23,6,1
617,1,38,3,3
618,1,2,1,6
619,1,21,4,2
620,1,1,4,3
621,1,10,6,3
622,1,45,3,7
623,1,44,1,4
624,1,48,5,2
625,1,21,5,1
626,1,1,6,7
627,1,10,6,1
628,1,24,5,5
629,1,29,3,5
630,1,11,4,1
631,1,33,4,1
632,1,27,2,4
633,1,19,6,4
634,1,50,4,6
635,1,46,5,7
636,1,28,2,6
637,1,14,1,3
638,1,46,2,4
639,1,41,5,5
640,1,50,3,1
641,1,28,4,4
642,1,23,3,3
643,1,14,4,2
644,1,10,1,3
645,1,37,2,7
646,1,15,6,2
647,1,19,6,2
648,1,23,3,4
649,1,35,3,7
650,1,33,5,3
651,1,12,1,1
652,1,41,6,4
653,1,27,6,7
654,1,45,2,4
655,1,23,6,1
656,1,19,6,5
657,1,6,5,6
658,1,6,5,6
659,1,20,6,7
660,1,8,2,7
661,1,39,3,6
662,1,39,3,6
663,1,39,6,2
664,1,23,3,5
665,1,41,5,2
666,1,50,3,1
667,1,30,4,6
668,1,32,1,6
669,1,35,1,5
670,1,45,6,2
671,1,37,2,2
672,1,45,2,7
673,1,29,2,6
674,1,27,6,2
675,1,36,1,1
676,1,9,2,1
677,1,38,6,2
678,1,41,5,1
679,1,25,4,3
680,1,37,6,4
681,1,3,5,1
682,1,24,3,3
683,1,49,3,2
684,1,3,1,5
685,1,42,4,5
686,1,32,2,4
687,1,33,6,4
688,1,46,1,6
689,1,44,6,5
690,1,35,3,3
691,1,45,1,7
692,1,37,5,2
693,1,40,4,3
694,1,30,2,3
695,1,38,6,3
696,1,15,4,3
697,1,49,2,5
698,1,40,4,6
699,1,40,4,7
700,1,5,5,7
701,1,5,5,5
702,1,5,4,3
703,1,1,2,7
704,1,21,6,7
705,1,18,5,1
706,1,49,2,6
707,1,27,4,7
708,1,21,6,1
709,1,19,2,4
710,1,23,4,5
711,1,26,5,4
712,1,13,1,2
713,1,36,1,6
714,1,39,1,2
715,1,40,4,4
716,1,37,4,6
717,1,9,6,2
718,1,7,6,3
719,1,25,1,1
720,1,42,6,2
721,1,19,4,7
722,1,41,4,3
723,1,50,2,2
724,1,43,5,5
725,1,36,6,3
726,1,33,4,4
727,1,20,1,3
728,1,37,6,3
729,1,12,5,3
730,1,46,5,3
731,1,28,6,4
732,1,30,5,4
733,1,28,2,2
734,1,20,4,2
735,1,39,1,3
736,1,48,2,2
737,1,32,3,3
738,1,28,5,1
739,1,27,6,6
740,1,26,6,2
741,1,22,3,4
742,1,23,1,3
743,1,21,4,6
744,1,36,2,7
745,1,42,4,2
746,1,4,6,5
747,1,47,3,1
748,1,13,1,7
749,1,8,1,6
750,1,11,4,6
751,1,5,6,1
752,1,1,3,5
753,1,17,5,3
754,1,27,6,6
755,1,3,4,6
756,1,22,5,7
757,1,24,2,4
758,1,18,4,6
759,1,39,1,3
760,1,25,3,4
761,1,6,2,1
762,1,26,1,7
763,1,43,4,4
764,1,6,3,5
765,1,6,4,6
766,1,13,2,6
767,1,13,5,5
768,1,11,2,1
769,1,45,6,7
770,1,8,5,5
771,1,8,3,1
772,1,34,1,4
773,1,40,4,2
774,1,14,4,2
775,1,11,3,6
776,1,8,5,5
777,1,8,6,3
778,1,37,6,7
779,1,23,4,1
780,1,38,2,1
781,1,38,2,6
782,1,12,3,4
783,1,15,2,7
784,1,38,5,4
785,1,41,1,3
786,1,37,5,4
787,1,16,1,3
788,1,25,6,7
789,1,18,1,6
790,1,4,3,2
791,1,12,1,6
792,1,35,5,4
793,1,45,6,7
794,1,16,3,5
795,1,10,4,4
796,1,34,6,1
797,1,43,3,1
798,1,38,4,7
799,1,48,5,3
800,1,31,5,1
801,1,20,2,3
802,1,12,3,4
803,1,2,1,7
804,1,30,6,3
805,1,28,6,6
806,1,40,4,5
807,1,46,5,6
808,1,15,3,7
809,1,38,2,3
810,1,30,5,2
811,1,32,4,2
812,1,36,6,6
813,1,32,3,7
814,1,14,4,1
815,1,8,5,5
816,1,27,6,2
817,1,24,4,5
818,1,30,5,4
819,1,34,4,5
820,1,28,4,6
821,1,27,4,5
822,1,31,3,2
823,1,23,1,1
824,1,11,3,6
825,1,48,2,6
826,1,17,2,5
827,1,36,5,7
828,1,33,1,4
829,1,27,5,2
830,1,14,3,4
831,1,5,3,1
832,1,47,2,3
833,1,28,2,2
834,1,11,3,1
835,1,18,3,7
836,1,21,4,7
837,1,22,2,2
838,1,33,2,3
839,1,49,3,1
840,1,10,4,3
841,1,18,5,7
842,1,28,5,4
843,1,25,5,7
844,1,6,5,7
845,1,44,6,2
846,1,30,6,5
847,1,42,4,6
848,1,30,5,5
849,1,33,3,2
850,1,24,5,6
851,1,13,6,5
852,1,19,4,5
853,1,23,4,3
854,1,35,2,5
855,1,22,6,5
856,1,14,3,6
857,1,47,4,4
858,1,50,4,3
859,1,33,5,7
860,1,7,4,5
861,1,3,2,5
862,1,35,3,3
863,1,13,5,4
864,1,42,5,4
865,1,5,5,1
866,1,23,6,1
867,1,11,5,2
868,1,23,1,4
869,1,2,3,3
870,1,33,5,7
871,1,6,1,2
872,1,45,4,6
873,1,25,2,6
874,1,24,6,6
875,1,10,6,3
876,1,7,1,3
877,1,1,4,7
878,1,45,6,3
879,1,37,4,7
880,1,14,5,6
881,1,25,4,5
882,1,18,6,1
883,1,37,2,3
884,1,30,1,5
885,1,34,1,7
886,1,49,4,3
887,1,48,1,5
888,1,33,5,4
889,1,44,2,1
890,1,50,6,7
891,1,47,3,5
892,1,24,5,3
893,1,43,4,5
894,1,14,6,5
895,1,3,4,6
896,1,33,4,6
897,1,38,2,4
898,1,46,6,7
899,1,19,1,3
900,1,20,5,1
901,1,42,1,6
902,1,34,2,5
903,1,5,2,5
904,1,3,5,6
905,1,46,5,3
906,1,16,6,1
907,1,21,4,2
908,1,34,3,2
909,1,9,5,3
910,1,36,5,7
911,1,22,3,5
912,1,2,1,6
913,1,32,1,5
914,1,29,2,3
915,1,27,6,3
916,1,33,3,4
917,1,16,6,5
918,1,11,1,6
919,1,11,2,4
920,1,17,4,2
921,1,37,2,7
922,1,18,5,7
923,1,13,3,5
924,1,7,5,7
925,1,37,2,6
926,1,8,2,5
927,1,11,2,2
928,1,8,6,2
929,1,31,2,3
930,1,26,4,4
931,1,20,3,2
932,1,24,1,4
933,1,45,4,2
934,1,33,4,5
935,1,21,1,5
936,1,2,1,4
937,1,28,2,7
938,1,18,6,6
939,1,21,4,4
940,1,24,3,5
941,1,15,5,3
942,1,38,5,3
943,1,38,5,2
944,1,13,6,4
945,1,39,2,2
946,1,8,6,3
947,1,4,5,6
948,1,6,2,3
949,1,11,6,3
950,1,49,6,5
951,1,30,5,6
952,1,34,1,5
953,1,28,5,5
954,1,36,6,6
955,1,18,3,3
956,1,4,5,5
957,1,42,4,6
958,1,11,2,6
959,1,31,3,2
960,1,12,2,4
961,1,20,6,6
962,1,37,4,6
963,1,26,4,4
964,1,14,3,7
965,1,12,6,2
966,1,10,3,1
967,1,19,2,1
968,1,4,2,7
969,1,48,1,6
970,1,37,5,5
971,1,4,2,5
972,1,15,3,7
973,1,33,3,7
974,1,30,1,6
975,1,23,1,5
976,1,2,1,7
977,1,50,3,3
978,1,34,2,2
979,1,33,3,7
980,1,34,4,5
981,1,39,5,3
982,1,47,3,6
983,1,37,5,5
984,1,40,6,2
985,1,8,3,2
986,1,12,1,1
987,1,36,1,5
988,1,48,5,7
989,1,47,5,4
990,1,2,1,5
991,1,24,2,7
992,1,40,1,2
993,1,50,4,7
994,1,25,2,7
995,1,20,4,5
996,1,10,6,7
997,1,32,1,6
998,1,31,2,4
999,1,48,1,2
1000,1,23,4,5
1001,1,1,1,2
1002,1,4,4,4
1003,1,3,1,2
1004,1,3,2,2
1005,1,44,2,1
1006,1,5,4,2
1007,1,50,6,6
1008,1,2,3,1
1009,1,29,5,1
1010,1,11,6,1
1011,1,37,3,4
1012,1,32,4,4
1013,1,27,3,1
1014,1,31,6,2
1015,1,36,4,4
1016,1,34,2,7
1017,1,15,1,3
1018,1,14,3,1
1019,1,46,2,7
1020,1,33,6,2
1021,1,41,4,1
1022,1,39,5,7
1023,1,7,2,1
1024,1,29,1,3
1025,1,18,6,6
1026,1,15,3,1
1027,1,39,5,2
1028,1,11,2,5
1029,1,4,2,4
1030,1,33,6,2
1031,1,37,4,6
1032,1,32,2,6
1033,1,44,3,6
1034,1,41,1,6
1035,1,44,1,7
1036,1,32,6,1
1037,1,13,1,5
1038,1,48,4,6
1039,1,3,1,7
1040,1,39,6,5
1041,1,7,2,4
1042,1,11,2,4
1043,1,47,3,7
1044,1,28,4,4
1045,1,17,1,3
1046,1,11,5,2
1047,1,12,6,1
1048,1,7,3,4
1049,1,19,6,4
1050,1,24,2,6
1051,1,19,6,5
1052,1,39,5,1
1053,1,1,3,4
1054,2,10,4,2
1055,2,48,5,6
1056,2,24,4,1
1057,2,42,6,4
1058,2,20,3,7
1059,2,49,1,3
1060,2,25,4,5
1061,2,21,4,3
1062,2,12,6,3
1063,2,21,4,3
1064,2,35,2,5
1065,2,42,3,3
1066,2,3,5,3
1067,2,11,5,2
1068,2,22,5,6
1069,2,47,3,7
1070,2,33,6,3
1071,2,50,4,7
1072,2,46,3,5
1073,2,34,4,4
1074,2,33,3,5
1075,2,45,1,4
1076,2,32,4,2
1077,2,47,6,2
1078,2,5,5,6
1079,2,49,3,4
1080,2,48,1,5
1081,2,22,2,3
1082,2,45,3,1
1083,2,30,6,6
1084,2,43,2,7
1085,2,48,2,6
1086,2,23,6,4
1087,2,27,5,2
1088,2,7,1,5
1089,2,2,5,7
1090,2,33,5,2
1091,2,27,2,4
1092,2,6,3,4
1093,2,20,6,6
1094,2,46,6,3
1095,2,25,2,6
1096,2,30,1,6
1097,2,48,3,1
1098,2,47,1,7
1099,2,27,3,7
1100,2,45,1,4
1101,2,2,3,7
1102,2,39,2,4
1103,2,24,2,4
1104,2,8,4,2
1105,2,8,1,6
1106,2,6,6,3
1107,2,12,6,4
1108,2,26,1,7
1109,2,50,2,4
1110,2,2,6,7
1111,2,31,2,2
1112,2,4,3,2
1113,2,32,5,6
1114,2,11,5,2
1115,2,47,1,3
1116,2,37,2,7
1117,2,39,5,4
1118,2,24,3,5
1119,2,11,5,3
1120,2,36,3,7
1121,2,40,4,5
1122,2,25,2,6
1123,2,12,3,1
1124,2,38,2,5
1125,2,40,2,6
1126,2,10,1,7
1127,2,47,6,4
1128,2,22,4,5
1129,2,35,4,5
1130,2,46,6,4
1131,2,30,5,2
1132,2,20,1,5
1133,2,25,2,4
1134,2,29,2,7
1135,2,2,6,3
1136,2,32,1,6
1137,2,37,2,5
1138,2,16,1,3
1139,2,32,6,4
1140,2,42,4,2
1141,2,6,3,3
1142,2,23,5,4
1143,2,27,6,2
1144,2,43,5,6
1145,2,25,1,4
1146,2,30,2,3
1147,2,7,1,3
1148,2,17,4,1
1149,2,10,5,4
1150,2,40,6,1
1151,2,50,6,2
1152,2,24,3,7
1153,2,8,5,3
1154,2,6,1,6
1155,2,44,3,2
1156,2,47,5,6
1157,2,6,6,3
1158,2,11,2,6
1159,2,41,1,1
1160,2,46,6,3
1161,2,9,6,2
1162,2,37,5,5
1163,2,13,5,7
1164,2,24,4,5
1165,2,47,5,6
1166,2,21,6,3
1167,2,22,6,4
1168,2,16,5,6
1169,2,37,4,4
1170,2,3,2,1
1171,2,33,2,2
1172,2,15,4,1
1173,2,42,1,2
1174,2,42,2,2
1175,2,19,1,2
1176,2,26,5,6
1177,2,39,5,6
1178,2,24,4,5
1179,2,23,4,1
1180,2,44,1,1
1181,2,34,2,5
1182,2,43,1,6
1183,2,45,5,6
1184,2,4,3,7
1185,2,19,3,1
1186,2,29,3,5
1187,2,27,3,1
1188,2,37,3,3
1189,2,11,3,7
1190,2,28,4,1
1191,2,31,3,7
1192,2,50,6,6
1193,2,42,6,6
1194,2,18,3,4
1195,2,6,3,4
1196,2,33,6,5
1197,2,13,1,2
1198,2,26,5,1
1199,2,17,2,1
1200,2,3,4,7
1201,2,7,5,7
1202,2,46,6,4
1203,2,14,6,3
1204,2,23,1,1
1205,2,20,3,3
1206,2,38,1,4
1207,2,16,6,3
1208,2,48,3,3
1209,2,8,4,1
1210,2,16,1,5
1211,2,5,2,6
1212,2,14,6,3
1213,2,18,3,7
1214,2,14,4,3
1215,2,5,2,3
1216,2,15,3,3
1217,2,3,6,3
1218,2,12,2,3
1219,2,43,2,3
1220,2,35,3,2
1221,2,36,1,6
1222,2,3,2,6
1223,2,27,1,1
1224,2,21,1,7
1225,2,18,6,7
1226,2,16,4,7
1227,2,18,6,2
1228,2,19,1,2
1229,2,1,2,1
1230,2,39,1,1
1231,2,49,6,5
1232,2,43,3,4
1233,2,31,4,3
1234,2,40,6,3
1235,2,2,1,2
1236,2,46,5,3
1237,2,35,4,3
1238,2,42,3,6
1239,2,3,6,4
1240,2,32,4,3
1241,2,48,4,1
1242,2,34,3,7
1243,2,15,1,6
1244,2,22,4,1
1245,2,2,2,5
1246,2,30,1,7
1247,2,27,2,5
1248,2,18,6,2
1249,2,8,3,1
1250,2,48,6,4
1251,2,24,2,5
1252,2,43,3,5
1253,2,8,2,6
1254,2,49,5,1
1255,2,2,3,2
1256,2,38,2,4
1257,2,4,2,4
1258,2,31,2,3
1259,2,34,4,3
1260,2,45,3,5
1261,2,30,4,6
1262,2,2,3,4
1263,2,44,6,5
1264,2,1,3,2
1265,2,1,6,2
1266,2,27,1,7
1267,2,14,4,3
1268,2,41,2,7
1269,2,25,4,2
1270,2,47,5,6
1271,2,20,2,1
1272,2,42,5,1
1273,2,16,1,5
1274,2,32,3,3
1275,2,37,5,6
1276,2,1,5,5
1277,2,37,1,7
1278,2,5,6,6
1279,2,31,6,4
1280,2,18,4,1
1281,2,39,6,3
1282,2,8,6,2
1283,2,20,6,5
1284,2,23,4,3
1285,2,38,5,4
1286,2,45,1,4
1287,2,44,4,4
1288,2,20,5,5
1289,2,34,5,2
1290,2,10,5,7
1291,2,3,5,1
1292,2,23,4,4
1293,2,42,1,1
1294,2,30,4,1
1295,2,21,2,3
1296,2,50,5,7
1297,2,16,2,2
1298,2,32,6,1
1299,2,14,1,4
1300,2,42,6,2
1301,2,47,3,3
1302,2,21,4,7
1303,2,37,3,5
1304,2,10,3,1
1305,2,18,5,3
1306,2,2,5,3
1307,2,40,5,1
1308,2,43,5,1
1309,2,14,3,3
1310,2,41,2,6
1311,2,38,3,3
1312,2,12,6,1
1313,2,19,1,5
1314,2,23,3,2
1315,2,49,4,1
1316,2,29,4,6
1317,2,14,4,2
1318,2,19,2,5
1319,2,19,3,2
1320,2,48,1,7
1321,2,19,4,1
1322,2,45,1,3
1323,2,17,1,6
1324,2,15,4,3
1325,2,11,3,4
1326,2,1,2,5
1327,2,17,2,5
1328,2,37,2,7
1329,2,40,1,7
1330,2,50,5,3
1331,2,20,5,2
1332,2,8,5,2
1333,2,16,1,6
1334,2,9,1,6
1335,2,12,6,5
1336,2,26,3,7
1337,2,44,4,4
1338,2,19,3,2
1339,2,43,5,4
1340,2,5,1,3
1341,2,5,4,3
1342,2,31,1,6
1343,2,11,1,5
1344,2,34,1,5
1345,2,14,2,1
1346,2,42,6,7
1347,2,15,6,2
1348,2,47,1,5
1349,2,23,3,4
1350,2,23,2,2
1351,2,1,2,3
1352,2,28,1,6
1353,2,37,3,2
1354,2,4,2,3
1355,2,21,1,6
1356,2,50,5,2
1357,2,34,1,1
1358,2,20,2,6
1359,2,25,6,3
1360,2,26,1,4
1361,2,4,1,1
1362,2,39,4,5
1363,2,29,2,7
1364,2,47,5,6
1365,2,5,2,3
1366,2,18,1,4
1367,2,10,3,4
1368,2,25,2,6
1369,2,2,2,7
1370,2,48,6,4
1371,2,41,1,3
1372,2,42,3,5
1373,2,44,5,2
1374,2,6,2,6
1375,2,5,1,6
1376,2,8,3,1
1377,2,24,5,1
1378,2,42,6,5
1379,2,24,6,7
1380,2,38,6,2
1381,2,41,2,4
1382,2,48,6,6
1383,2,16,1,6
1384,2,4,6,5
1385,2,8,1,7
1386,2,1,1,2
1387,2,4,4,6
1388,2,20,3,5
1389,2,40,2,6
1390,2,8,4,4
1391,2,42,4,7
1392,2,38,3,1
1393,2,34,6,3
1394,2,14,5,4
1395,2,39,2,7
1396,2,40,5,2
1397,2,49,4,5
1398,2,33,5,1
1399,2,25,3,7
1400,2,48,6,1
1401,2,22,3,3
1402,2,1,5,7
1403,2,47,5,5
1404,2,20,3,2
1405,2,10,4,7
1406,2,39,3,5
1407,2,15,4,5
1408,2,11,3,1
1409,2,38,6,7
1410,2,41,2,4
1411,2,18,4,1
1412,2,13,6,6
1413,2,43,6,1
1414,2,12,1,6
1415,2,3,3,2
1416,2,12,3,3
1417,2,46,2,6
1418,2,21,4,4
1419,2,23,6,3
1420,2,4,4,6
1421,2,45,5,3
1422,2,24,1,4
1423,2,3,5,2
1424,2,12,6,3
1425,2,34,1,3
1426,2,39,3,1
1427,2,35,5,3
1428,2,8,3,1
1429,2,42,5,6
1430,2,6,3,3
1431,2,3,3,4
1432,2,29,6,6
1433,2,32,4,6
1434,2,45,4,7
1435,2,21,4,2
1436,2,41,2,7
1437,2,23,5,4
1438,2,14,2,1
1439,2,24,4,5
1440,2,25,2,4
1441,2,13,6,5
1442,2,3,6,3
1443,2,42,3,1
1444,2,2,2,5
1445,2,26,2,6
1446,2,24,3,1
1447,2,6,3,6
1448,2,25,5,5
1449,2,11,3,3
1450,2,20,2,3
1451,2,25,2,6
1452,2,35,5,6
1453,2,11,1,6
1454,2,41,1,4
1455,2,17,3,1
1456,2,1,5,3
1457,2,30,5,3
1458,2,47,6,4
1459,2,34,6,7
1460,2,18,6,4
1461,2,33,6,2
1462,2,42,6,6
1463,2,2,6,6
1464,2,1,1,5
1465,2,23,1,6
1466,2,42,2,2
1467,2,3,5,1
1468,2,16,4,4
1469,2,46,2,4
1470,2,31,5,3
1471,2,15,2,3
1472,2,48,6,3
1473,2,11,2,7
1474,2,20,3,3
1475,2,6,3,5
1476,2,24,2,5
1477,2,18,3,5
1478,2,1,5,3
1479,2,13,6,2
1480,2,2,1,7
1481,2,26,2,6
1482,2,31,5,6
1483,2,43,1,7
1484,2,12,4,2
1485,2,22,6,3
1486,2,3,2,4
1487,2,23,6,3
1488,2,26,5,1
1489,2,37,3,7
1490,2,42,6,6
1491,2,15,6,2
1492,2,10,1,6
1493,2,3,6,6
1494,2,44,3,6
1495,2,23,1,4
1496,2,6,5,7
1497,2,9,6,2
1498,2,16,4,3
1499,2,46,6,4
1500,2,24,3,3
1501,2,22,4,5
1502,2,13,4,3
1503,2,20,2,4
1504,2,46,2,6
1505,2,10,1,5
1506,2,39,2,5
1507,2,44,5,6
1508,2,7,6,1
1509,2,3,2,3
1510,2,44,4,1
1511,2,31,6,1
1512,2,48,3,7
1513,2,18,5,2
1514,2,27,2,5
1515,2,1,6,7
1516,2,34,2,7
1517,2,5,1,2
1518,2,12,2,6
1519,2,14,6,4
1520,2,40,5,7
1521,2,39,2,6
1522,2,50,1,7
1523,2,5,4,5
1524,2,35,4,1
1525,2,6,2,2
1526,2,22,2,4
1527,2,27,5,5
1528,2,33,4,4
1529,2,47,6,2
1530,2,48,3,2
1531,2,22,1,6
1532,2,8,5,2
1533,2,5,5,3
1534,2,16,1,6
1535,2,26,6,4
1536,2,8,6,5
1537,2,17,2,6
1538,2,50,6,1
1539,2,22,6,2
1540,2,19,2,3
1541,2,14,1,5
1542,2,35,2,2
1543,2,43,5,7
1544,2,24,6,1
1545,2,17,4,2
1546,2,49,1,1
1547,2,17,1,1
1548,2,40,2,6
1549,2,43,1,7
1550,2,19,4,3
1551,2,40,1,6
1552,2,13,3,5
1553,2,20,3,5
1554,2,21,4,6
1555,2,18,2,2
1556,2,44,2,6
1557,2,26,3,6
1558,2,34,5,6
1559,2,24,3,3
1560,2,23,5,4
1561,2,3,4,7
1562,2,2,1,6
1563,2,23,6,2
1564,2,8,2,7
1565,2,30,4,3
1566,2,48,5,1
1567,2,21,2,2
1568,2,9,2,5
1569,2,8,4,5
1570,2,29,4,7
1571,2,3,1,3
1572,2,11,1,4
1573,2,16,4,5
1574,2,25,4,7
1575,2,32,5,2
1576,2,28,2,4
1577,2,36,5,5
1578,2,7,6,4
1579,2,2,5,6
1580,2,6,1,5
1581,2,30,2,1
1582,2,46,2,6
1583,2,39,2,5
1584,2,8,6,1
1585,2,46,3,6
1586,2,40,4,4
1587,2,21,1,7
1588,2,33,3,4
1589,2,3,6,5
1590,2,48,2,7
1591,2,8,5,1
1592,2,24,5,1
1593,2,10,1,3
1594,2,25,1,5
1595,2,3,2,4
1596,2,45,4,4
1597,2,15,4,5
1598,2,34,1,6
1599,2,21,6,2
1600,2,22,4,2
1601,2,24,5,7
1602,2,33,3,5
1603,2,13,6,4
1604,2,17,4,2
1605,2,25,3,3
1606,2,15,3,2
1607,2,4,5,4
1608,2,43,4,6
1609,2,12,1,2
1610,2,3,6,5
1611,2,1,5,1
1612,2,6,4,5
1613,2,26,6,5
1614,2,6,3,4
1615,2,22,2,2
1616,2,45,2,2
1617,2,50,2,6
1618,2,50,3,4
1619,2,39,4,6
1620,2,50,6,2
1621,2,27,5,3
1622,2,38,4,4
1623,2,37,1,3
1624,2,50,4,1
1625,2,40,5,3
1626,2,3,5,2
1627,2,45,3,2
1628,2,8,3,1
1629,2,7,2,5
1630,2,13,6,6
1631,2,29,6,3
1632,2,7,1,4
1633,2,50,4,3
1634,2,33,4,2
1635,2,30,2,3
1636,2,40,2,1
1637,2,49,2,4
1638,2,32,6,4
1639,2,18,6,7
1640,2,50,5,1
1641,2,13,5,7
1642,2,1,1,3
1643,2,16,5,4
1644,2,6,5,5
1645,2,21,4,5
1646,2,36,6,3
1647,2,20,1,3
1648,2,8,4,6
1649,2,22,3,5
1650,2,3,3,6
1651,2,46,3,4
1652,2,42,4,5
1653,2,1,1,4
1654,2,29,4,2
1655,2,14,3,6
1656,2,4,5,5
1657,2,41,5,3
1658,2,4,4,2
1659,2,47,2,7
1660,2,44,6,1
1661,2,37,6,5
1662,2,21,4,6
1663,2,46,4,4
1664,2,1,2,2
1665,2,35,5,7
1666,2,49,6,5
1667,2,47,5,1
1668,2,24,1,3
1669,2,28,4,4
1670,2,22,1,6
1671,2,20,2,7
1672,2,25,1,7
1673,2,15,6,6
1674,2,49,6,2
1675,2,10,4,4
1676,2,21,3,1
1677,2,34,1,7
1678,2,41,4,7
1679,2,30,6,4
1680,2,24,4,2
1681,2,6,3,1
1682,2,14,3,2
1683,2,37,3,2
1684,2,37,6,6
1685,2,28,5,7
1686,2,43,5,2
1687,2,25,2,1
1688,2,4,5,1
1689,2,13,6,4
1690,2,32,1,5
1691,2,1,2,1
1692,2,4,2,1
1693,2,33,2,2
1694,2,45,1,4
1695,2,20,4,4
1696,2,1,5,4
1697,2,7,3,2
1698,2,48,3,3
1699,2,46,1,6
1700,2,34,4,1
1701,2,36,1,5
1702,2,44,4,3
1703,2,48,1,7
1704,2,12,1,1
1705,2,19,2,3
1706,2,49,6,2
1707,2,25,6,4
1708,2,25,2,2
1709,2,1,3,6
1710,2,19,1,1
1711,2,7,3,6
1712,2,19,3,5
1713,2,9,2,4
1714,2,37,5,6
1715,2,15,2,5
1716,2,30,5,2
1717,2,30,2,3
1718,2,16,4,2
1719,2,14,5,3
1720,2,8,6,6
1721,2,40,4,2
1722,2,24,3,5
1723,2,14,2,4
1724,2,39,5,1
1725,2,21,5,7
1726,2,32,6,6
1727,2,45,4,7
1728,2,19,5,5
1729,2,1,4,3
1730,2,12,6,4
1731,2,26,3,7
1732,2,12,2,5
1733,2,36,2,3
1734,2,22,3,1
1735,2,16,5,6
1736,2,31,6,1
1737,2,43,2,6
1738,2,50,6,2
1739,2,37,3,7
1740,2,23,2,7
1741,2,10,1,3
1742,2,20,1,5
1743,2,18,6,3
1744,2,3,1,7
1745,2,23,5,7
1746,2,27,2,7
1747,2,44,1,4
1748,2,41,6,6
1749,2,41,1,1
1750,2,36,4,3
1751,2,38,6,3
1752,2,34,2,1
1753,2,14,6,6
1754,2,23,3,4
1755,2,18,3,4
1756,2,45,2,5
1757,2,14,1,7
1758,2,48,4,1
1759,2,17,6,2
1760,2,1,5,7
1761,2,39,5,7
1762,2,24,2,7
1763,2,41,1,4
1764,2,28,5,1
1765,2,34,6,6
1766,2,41,6,6
1767,2,27,2,2
1768,2,46,4,4
1769,2,2,5,3
1770,2,45,2,5
1771,2,34,1,7
1772,2,9,3,1
1773,2,1,1,1
1774,2,17,5,1
1775,2,6,5,7
1776,2,12,2,2
1777,2,10,6,3
1778,2,4,2,4
1779,2,8,4,2
1780,2,41,6,7
1781,2,49,3,7
1782,2,49,1,6
1783,2,40,1,4
1784,2,30,3,5
1785,2,4,4,6
1786,2,22,6,5
1787,2,22,6,5
1788,2,10,1,6
1789,2,23,2,2
1790,2,43,4,6
1791,2,31,5,2
1792,2,38,2,1
1793,2,22,4,3
1794,2,45,2,3
1795,2,21,4,4
1796,2,9,4,4
1797,2,34,6,7
1798,2,26,6,7
1799,2,1,2,7
1800,2,47,6,7
1801,2,30,3,7
1802,2,48,4,4
1803,2,31,6,2
1804,2,33,6,4
1805,2,39,3,7
1806,2,46,4,7
1807,2,24,6,1
1808,2,37,6,4
1809,2,7,4,5
1810,2,6,4,4
1811,2,16,2,2
1812,2,33,1,1
1813,2,18,5,2
1814,2,24,5,7
1815,2,24,2,6
1816,2,48,3,3
1817,2,4,2,7
1818,2,20,2,7
1819,2,47,4,3
1820,2,50,2,6
1821,2,31,5,5
1822,2,29,5,6
1823,2,4,2,1
1824,2,40,1,2
1825,2,31,2,5
1826,2,41,3,7
1827,2,44,4,1
1828,2,31,1,7
1829,2,45,2,3
1830,2,50,3,6
1831,2,7,6,1
1832,2,5,1,3
1833,2,48,2,5
1834,2,19,5,4
1835,2,39,6,4
1836,2,45,3,6
1837,2,35,3,5
1838,2,8,6,5
1839,2,11,3,6
1840,2,32,2,1
1841,2,46,1,3
1842,2,7,5,3
1843,2,1,4,1
1844,2,32,3,5
1845,2,31,3,1
1846,2,39,1,6
1847,2,9,6,6
1848,2,49,3,7
1849,2,34,2,3
1850,2,35,1,5
1851,2,50,4,7
1852,2,4,1,4
1853,2,32,2,7
1854,2,11,5,4
1855,2,49,3,1
1856,2,9,2,1
1857,2,30,5,2
1858,2,33,2,5
1859,2,8,4,1
1860,2,29,4,4
1861,2,4,3,5
1862,2,19,4,5
1863,2,10,5,4
1864,2,39,4,5
1865,2,21,6,6
1866,2,12,1,5
1867,2,9,3,4
1868,2,20,6,6
1869,2,44,2,4
1870,2,16,4,3
1871,2,27,4,4
1872,2,14,2,3
1873,2,24,3,5
1874,2,49,1,7
1875,2,14,2,7
1876,2,6,3,6
1877,2,20,6,6
1878,2,3,3,1
1879,2,5,3,5
1880,2,46,2,2
1881,2,8,4,5
1882,2,13,2,2
1883,2,25,1,6
1884,2,39,4,4
1885,2,15,1,2
1886,2,35,2,5
1887,2,46,2,2
1888,2,3,5,5
1889,2,48,3,7
1890,2,27,1,7
1891,2,5,3,7
1892,2,48,4,6
1893,2,12,6,7
1894,2,10,5,4
1895,2,48,4,2
1896,2,3,4,5
1897,2,19,6,5
1898,2,11,4,4
1899,2,25,6,5
1900,2,42,5,7
1901,2,34,2,6
1902,2,50,2,6
1903,2,21,6,5
1904,2,37,1,7
1905,2,46,2,5
1906,2,14,1,4
1907,2,24,5,4
1908,2,36,3,3
1909,2,19,4,2
1910,2,12,3,5
1911,2,13,4,6
1912,2,32,4,2
1913,2,5,3,2
1914,2,29,2,1
1915,2,40,3,4
1916,2,44,2,7
1917,2,3,4,2
1918,2,35,5,2
1919,2,33,4,5
1920,2,20,5,2
1921,2,40,2,3
1922,2,13,6,1
1923,2,9,5,5
1924,2,7,2,1
1925,2,42,5,6
1926,2,44,3,4
1927,2,6,5,1
1928,2,8,2,3
1929,2,10,5,7
1930,2,46,6,6
1931,2,26,2,7
1932,2,6,4,3
1933,2,47,3,3
1934,2,28,6,1
1935,2,23,1,1
1936,2,45,2,4
1937,2,44,5,3
1938,2,11,1,5
1939,2,39,4,2
1940,2,20,5,3
1941,2,48,5,4
1942,2,46,3,6
1943,2,22,5,5
1944,2,45,2,1
1945,2,49,2,3
1946,2,9,3,3
1947,2,41,3,6
1948,2,2,5,5
1949,2,39,5,2
1950,2,12,5,6
1951,2,26,5,3
1952,2,32,1,2
1953,2,50,2,2
1954,2,3,5,4
1955,2,3,6,6
1956,2,37,2,5
1957,2,20,3,4
1958,2,26,2,2
1959,2,47,2,6
1960,2,7,3,3
1961,2,40,3,1
1962,2,45,4,6
1963,2,20,5,4
1964,2,11,3,7
1965,2,50,4,5
1966,2,25,4,6
1967,2,5,3,4
1968,2,4,6,1
1969,2,25,3,7
1970,2,11,1,4
1971,2,4,3,2
1972,2,1,6,5
1973,2,48,5,3
1974,2,9,6,3
1975,2,2,5,4
1976,2,4,2,6
1977,2,43,5,4
1978,2,32,1,1
1979,2,1,2,6
1980,2,38,4,4
1981,2,25,5,4
1982,2,42,5,6
1983,2,32,5,5
1984,2,21,4,6
1985,2,26,5,4
1986,2,6,3,4
1987,2,14,6,6
1988,2,4,2,6
1989,2,26,1,7
1990,2,39,5,2
1991,2,15,5,1
1992,2,1,6,3
1993,2,28,6,5
1994,2,17,2,7
1995,2,24,3,7
1996,2,29,4,6
1997,2,18,2,3
1998,2,10,4,2
1999,2,19,2,6
2000,2,26,4,5
2001,2,25,2,2
2002,2,2,4,4
2003,2,19,5,3
2004,2,32,2,6
2005,2,13,2,2
2006,2,30,5,4
2007,2,2,3,1
2008,2,8,5,6
2009,2,27,5,3
2010,2,26,6,2
2011,2,3,4,2
2012,2,4,1,5
2013,2,5,2,4
2014,2,25,4,6
2015,2,47,5,2
2016,2,8,3,4
2017,2,20,4,4
2018,2,42,1,3
2019,2,20,1,7
2020,2,23,2,4
2021,2,26,2,6
2022,2,48,6,6
2023,2,16,2,2
2024,2,28,2,2
2025,2,39,5,7
2026,2,43,4,4
2027,2,45,1,3
2028,2,50,3,3
2029,2,10,6,2
2030,2,40,5,6
2031,2,38,3,5
2032,2,2,3,5
2033,2,13,2,1
2034,2,33,6,1
2035,2,27,5,5
2036,2,43,1,7
2037,2,46,2,7
2038,2,7,6,2
2039,2,35,3,4
2040,2,31,4,2
2041,2,42,6,6
2042,2,14,5,2
2043,2,35,6,5
2044,2,49,5,7
2045,2,17,5,4
2046,2,26,5,6
2047,2,30,2,3
2048,2,32,2,1
2049,2,35,1,6
2050,2,15,6,1
2051,2,10,4,1
2052,2,14,3,5
2053,2,30,1,1
2054,2,16,3,4
2055,2,14,5,1
2056,2,28,1,7
2057,2,29,5,5
2058,2,5,5,3
2059,2,17,1,6
2060,2,50,5,7
2061,2,23,1,6
2062,2,22,4,1
2063,2,15,2,6
2064,2,32,2,5
2065,2,5,1,5
2066,2,6,1,2
2067,2,44,4,4
2068,2,23,2,4
2069,2,44,6,5
2070,2,3,4,6
2071,2,14,2,5
2072,2,37,5,6
2073,2,22,1,7
2074,2,2,5,3
2075,2,44,4,4
2076,2,49,4,5
2077,2,22,4,2
2078,2,26,1,1
2079,2,40,4,7
2080,2,16,5,6
2081,2,17,4,2
2082,2,48,1,2
2083,2,28,6,3
2084,2,26,3,4
2085,2,43,1,6
2086,2,38,4,7
2087,2,36,2,3
2088,2,1,3,7
2089,2,49,4,1
2090,2,41,3,3
2091,2,21,4,5
2092,2,24,1,6
2093,2,27,1,7
2094,2,4,4,1
2095,2,19,6,1
2096,2,1,1,4
2097,2,27,4,1
2098,2,5,3,7
2099,2,20,6,6
2100,2,50,5,1
2101,2,36,2,4
2102,2,12,1,2
2103,2,23,2,5
2104,2,21,6,7
2105,2,47,6,7
2106,2,38,6,2
2107,2,40,3,3
2108,2,35,5,6
2109,2,4,3,6
2110,2,28,6,3
2111,2,36,4,3
2112,2,15,1,1
2113,2,7,2,4
2114,2,29,5,3
2115,2,12,4,1
2116,2,16,1,2
2117,2,50,4,2
2118,2,11,4,1
2119,2,28,4,6
2120,2,36,6,2
2121,2,38,5,6
2122,2,32,1,5
2123,2,42,4,7
2124,2,22,4,2
2125,2,22,6,6
2126,2,31,5,6
2127,2,28,3,5
2128,2,40,4,7
2129,2,21,5,7
2130,2,12,5,3
2131,2,33,3,1
2132,2,9,1,4
2133,2,15,4,7
2134,2,13,1,1
2135,2,35,3,4
2136,2,1,4,3
2137,2,25,1,4
2138,2,20,3,3
2139,2,36,6,6
2140,2,33,2,7
2141,2,36,2,4
2142,2,32,5,1
2143,2,21,6,6
2144,2,48,6,2
2145,2,25,5,6
2146,2,32,5,1
2147,2,45,5,3
2148,2,4,2,4
2149,2,19,5,2
2150,2,1,1,7
2151,2,12,2,7
2152,2,18,6,5
2153,2,43,1,2
2154,2,31,5,1
2155,2,33,2,3
2156,2,46,5,5
2157,2,41,4,2
2158,2,41,6,4
2159,2,9,1,4
2160,2,34,2,1
2161,2,21,5,1
2162,2,5,4,4
2163,2,32,5,7
2164,2,44,1,5
2165,2,46,5,2
2166,2,42,3,3
2167,2,50,3,2
2168,2,33,6,4
2169,2,32,2,6
2170,2,32,1,2
2171,2,37,6,3
2172,2,9,2,4
2173,2,6,5,4
2174,2,36,6,6
2175,2,1,2,1
2176,2,48,3,4
2177,2,44,4,6
2178,2,9,5,2
2179,2,32,6,1
2180,2,14,5,5
2181,2,43,2,6
2182,2,32,1,2
2183,2,26,6,2
2184,2,2,2,5
2185,2,16,5,3
2186,2,50,4,3
2187,2,6,5,3
2188,2,20,5,1
2189,2,9,3,7
2190,2,47,3,2
2191,2,33,3,1
2192,2,46,2,2
2193,2,9,3,5
2194,2,8,5,5
2195,2,48,1,6
2196,2,2,2,5
2197,2,31,5,7
2198,2,40,6,5
2199,2,35,6,5
2200,2,40,4,5
2201,2,27,4,3
2202,2,10,6,1
2203,2,23,3,7
2204,2,32,2,6
2205,2,6,4,5
2206,2,27,5,7
2207,2,25,1,4
2208,2,11,3,1
2209,2,23,5,5
2210,2,44,1,6
2211,2,35,5,4
2212,2,45,4,3
2213,2,22,1,6
2214,2,18,4,6
2215,2,20,4,7
2216,2,28,3,4
2217,2,15,6,2
2218,2,42,1,4
2219,2,20,4,6
2220,2,16,1,4
2221,2,47,2,1
2222,2,34,3,1
2223,2,30,3,7
2224,2,5,5,6
2225,2,38,2,6
2226,2,18,3,1
2227,2,28,2,1
2228,2,42,3,4
2229,2,5,3,7
2230,2,50,6,5
2231,2,33,6,4
2232,2,1,3,7
2233,2,14,2,4
2234,2,48,3,5
2235,2,26,2,7
2236,2,44,3,1
2237,2,18,4,4
2238,2,31,6,3
2239,2,18,4,7
2240,2,41,3,3
2241,2,18,4,3
2242,2,3,1,2
2243,2,5,3,2
2244,2,13,4,1
2245,2,22,5,1
2246,2,45,5,4
2247,2,39,5,3
2248,2,18,6,1
2249,2,19,5,4
2250,2,29,4,7
2251,2,19,3,7
2252,2,22,4,5
2253,2,21,1,1
2254,2,22,5,5
2255,2,44,5,3
2256,2,42,1,6
2257,2,33,3,6
2258,2,6,1,1
2259,2,44,3,3
2260,2,24,2,1
2261,2,16,5,6
2262,2,12,1,4
2263,2,50,5,5
2264,2,42,2,6
2265,2,50,5,5
2266,2,10,5,6
2267,2,32,4,7
2268,2,37,6,7
2269,2,15,1,5
2270,2,27,3,1
2271,2,7,6,7
2272,2,49,5,6
2273,2,44,5,5
2274,2,13,5,2
2275,2,38,5,4
2276,2,10,4,7
2277,2,25,4,7
2278,2,18,3,6
2279,2,6,2,3
2280,2,35,1,6
2281,2,31,3,4
2282,2,41,1,1
2283,2,8,3,1
2284,2,34,3,4
2285,2,20,6,1
2286,2,38,5,3
2287,2,35,6,6
2288,2,6,4,1
2289,2,50,5,7
2290,2,47,6,7
2291,2,23,5,6
2292,2,13,3,6
2293,2,31,4,5
2294,2,16,4,3
2295,2,40,4,1
2296,2,45,5,6
2297,2,50,6,3
2298,2,1,1,6
2299,2,10,2,3
2300,2,48,3,3
2301,2,38,3,5
2302,2,21,4,1
2303,2,38,6,5
2304,2,31,3,4
2305,2,9,4,4
2306,2,47,2,7
2307,2,8,2,2
2308,2,30,4,1
2309,2,22,1,6
2310,2,3,1,6
2311,2,15,5,5
2312,2,10,1,3
2313,2,19,2,3
2314,2,36,1,4
2315,2,12,1,3
2316,2,49,4,6
2317,2,7,4,1
2318,2,28,1,5
2319,2,30,3,1
2320,2,29,5,5
2321,2,9,4,3
2322,2,27,4,4
2323,2,21,6,4
2324,2,36,3,5
2325,2,19,4,1
2326,2,47,2,7
2327,2,38,1,1
2328,2,22,6,2
2329,2,29,6,2
2330,2,42,1,1
2331,2,47,5,3
2332,2,10,3,2
2333,2,10,6,5
2334,2,1,5,3
2335,2,7,3,5
2336,2,10,6,4
2337,2,11,3,7
2338,2,5,2,1
2339,2,21,5,6
2340,2,24,1,6
2341,2,37,3,4
2342,2,22,6,3
2343,2,16,4,4
2344,2,44,5,5
2345,2,14,6,2
2346,2,23,1,3
2347,2,46,4,4
2348,2,46,2,3
2349,2,16,5,3
2350,2,40,3,3
2351,2,21,2,1
2352,2,25,5,2
2353,2,25,1,6
2354,2,25,4,3
2355,2,27,6,5
2356,2,12,2,5
2357,2,27,4,6
2358,2,40,3,2
2359,2,38,3,6
2360,2,44,1,3
2361,2,27,6,3
2362,2,30,3,3
2363,2,24,3,5
2364,2,38,2,2
2365,2,4,5,6
2366,2,32,6,5
2367,2,32,3,4
2368,2,28,1,2
2369,2,6,4,3
2370,2,24,5,5
2371,2,38,6,7
2372,2,28,4,1
2373,2,9,5,4
2374,2,21,4,3
2375,2,31,4,5
2376,2,18,3,6
2377,2,5,2,7
2378,2,22,2,1
2379,2,37,5,2
2380,2,22,4,5
2381,2,36,5,4
2382,2,23,5,1
2383,2,44,4,7
2384,2,25,1,1
2385,2,40,5,6
2386,2,12,5,7
2387,2,14,6,5
2388,2,14,4,5
2389,2,10,4,1
2390,2,17,1,3
2391,2,24,4,4
2392,2,31,1,6
2393,2,36,2,1
2394,2,38,5,3
2395,2,23,4,4
2396,2,47,5,2
2397,2,20,6,7
2398,2,41,6,5
2399,2,44,1,4
2400,2,31,2,5
2401,2,11,3,2
2402,2,25,5,2
2403,2,31,2,7
2404,2,40,4,7
2405,2,23,3,2
2406,2,5,4,6
2407,2,26,5,7
2408,2,11,3,2
2409,2,44,4,3
2410,2,47,2,3
2411,2,46,5,5
2412,2,35,2,3
2413,2,8,1,2
2414,2,30,1,7
2415,2,14,3,2
2416,2,30,1,7
2417,2,26,3,3
2418,2,32,6,4
2419,2,47,2,3
2420,2,11,3,3
2421,2,28,5,1
2422,2,2,4,3
2423,2,45,3,7
2424,2,7,3,3
2425,2,28,1,2
2426,2,34,1,6
2427,2,26,4,3
2428,2,45,2,6
2429,2,34,4,1
2430,2,47,3,4
2431,2,42,2,6
2432,2,27,1,3
2433,2,43,6,5
2434,2,16,2,2
2435,2,40,3,5
2436,2,29,2,2
2437,2,38,3,6
2438,2,34,3,7
2439,2,30,6,7
2440,2,45,1,1
2441,2,47,1,1
2442,2,5,3,5
2443,2,50,4,2
2444,2,24,1,2
2445,2,15,4,2
2446,2,50,2,7
2447,2,7,3,5
2448,2,10,6,4
2449,2,38,5,2
2450,2,31,6,4
2451,2,7,6,6
2452,2,27,6,5
2453,2,45,1,3
2454,2,13,2,1
2455,2,33,6,1
2456,2,25,2,3
2457,2,5,5,5
2458,2,23,2,6
2459,2,17,1,7
2460,2,14,2,7
2461,2,28,3,1
2462,2,19,3,7
2463,2,31,1,2
2464,2,25,2,2
2465,2,4,2,2
2466,2,20,1,7
2467,2,37,2,1
2468,2,28,3,1
2469,2,6,6,7
2470,2,27,5,1
2471,2,29,3,4
2472,2,1,2,1
2473,2,31,3,1
2474,2,28,2,6
2475,2,19,1,6
2476,2,36,6,5
2477,2,28,2,5
2478,2,29,5,7
2479,2,9,1,3
2480,2,26,3,3
2481,2,7,3,4
2482,2,35,4,7
2483,2,46,3,3
2484,2,8,4,5
2485,2,50,2,3
2486,2,37,1,1
2487,2,6,3,4
2488,2,16,5,2
2489,2,30,5,5
2490,2,50,6,6
2491,2,5,2,3
2492,2,15,1,5
2493,2,34,1,2
2494,2,6,6,3
2495,2,26,4,1
2496,2,34,3,3
2497,2,37,3,7
2498,2,28,1,1
2499,2,38,2,4
2500,2,2,2,6
2501,2,32,2,2
2502,2,30,6,2
2503,2,17,5,3
2504,2,5,4,2
2505,2,31,2,2
2506,2,43,5,6
2507,2,19,6,1
2508,2,32,3,3
2509,2,5,4,2
2510,2,9,1,6
2511,2,48,3,7
2512,2,1,5,6
2513,2,20,3,5
2514,2,42,2,1
2515,2,45,5,2
2516,2,41,2,5
2517,2,36,4,6
2518,2,10,6,1
2519,2,31,6,1
2520,2,21,3,6
2521,2,16,2,3
2522,2,18,5,3
2523,2,20,4,7
2524,2,21,1,1
2525,2,23,3,6
2526,2,20,5,7
2527,2,30,5,2
2528,2,33,1,3
2529,2,31,4,5
2530,2,48,1,5
2531,2,28,4,7
2532,2,7,2,3
2533,2,4,4,7
2534,2,49,2,2
2535,2,22,2,7
2536,2,39,1,4
2537,2,45,5,3
2538,2,30,5,4
2539,2,33,3,2
2540,2,24,2,2
2541,2,11,4,6
2542,2,13,6,3
2543,2,27,5,1
2544,2,30,5,2
2545,2,39,6,6
2546,2,10,4,1
2547,2,4,3,6
2548,2,16,2,7
2549,2,34,3,5
2550,2,11,4,3
2551,2,30,4,4
2552,2,40,4,1
2553,2,13,3,1
2554,2,28,6,3
2555,2,49,4,2
2556,2,23,3,7
2557,2,4,1,6
2558,2,17,5,4
2559,2,24,5,4
2560,2,21,4,3
2561,2,17,4,2
2562,2,22,4,6
2563,2,27,2,4
2564,2,1,6,3
2565,2,27,1,7
2566,2,8,6,6
2567,2,43,5,6
2568,2,24,2,4
2569,2,29,5,4
2570,2,10,1,2
2571,2,12,5,4
2572,2,48,2,4
2573,2,40,1,6
2574,2,1,1,1
2575,2,26,3,4
2576,2,9,5,1
2577,2,19,4,6
2578,2,37,1,5
2579,2,3,2,6
2580,2,40,6,7
2581,2,13,1,6
2582,2,48,3,5
2583,2,4,6,3
2584,2,9,2,7
2585,2,26,1,2
2586,2,19,4,7
2587,2,1,3,3
2588,2,29,5,3
2589,2,38,6,2
2590,2,31,5,1
2591,2,35,6,1
2592,2,40,2,6
2593,2,13,6,6
2594,2,9,1,3
2595,2,25,2,3
2596,2,3,1,2
2597,2,35,3,5
2598,2,13,6,2
2599,2,31,4,1
2600,2,48,3,5
2601,2,6,1,2
2602,2,43,2,5
2603,2,1,6,6
2604,2,8,2,1
2605,2,6,4,7
2606,2,32,6,4
2607,2,46,1,2
2608,2,38,5,3
2609,2,48,3,4
2610,2,18,4,2
2611,2,25,2,6
2612,2,4,2,4
2613,2,27,6,6
2614,2,14,1,5
2615,2,36,1,4
2616,2,6,4,6
2617,2,46,2,1
2618,2,29,1,1
2619,2,12,6,5
2620,2,47,3,7
2621,2,28,4,1
2622,2,21,1,1
2623,2,15,3,1
2624,2,38,2,1
2625,2,19,3,1
2626,2,31,3,7
2627,2,30,3,3
2628,2,40,1,6
2629,2,42,3,2
2630,2,25,6,1
2631,2,20,2,6
2632,2,3,2,7
2633,2,14,2,1
2634,2,32,3,4
2635,2,20,5,3
2636,2,34,5,4
2637,2,6,6,1
2638,2,2,5,1
2639,2,35,3,1
2640,2,33,4,6
2641,2,45,6,2
2642,2,20,1,3
2643,2,48,1,1
2644,2,37,2,5
2645,2,4,1,3
2646,2,24,1,2
2647,2,4,4,3
2648,2,25,4,1
2649,2,14,5,2
2650,2,14,1,4
2651,2,46,3,3
2652,2,27,5,6
2653,2,46,3,5
2654,2,24,6,3
2655,2,4,5,1
2656,2,2,3,4
2657,2,29,1,4
2658,2,7,3,4
2659,2,39,5,5
2660,2,46,3,4
2661,2,44,6,1
2662,2,20,1,1
2663,2,44,5,4
2664,2,23,1,1
2665,2,37,5,7
2666,2,4,6,7
2667,2,14,6,4
2668,2,31,2,4
2669,2,9,5,6
2670,2,31,3,7
2671,2,26,1,2
2672,2,41,5,3
2673,2,13,2,1
2674,2,4,2,5
2675,2,15,2,3
2676,2,38,2,2
2677,2,3,2,4
2678,2,6,5,3
2679,2,34,3,2
2680,2,7,4,6
2681,2,21,6,1
2682,2,17,4,5
2683,2,5,6,3
2684,2,21,2,4
2685,2,42,3,2
2686,2,49,3,6
2687,2,33,2,4
2688,2,12,4,2
2689,2,18,3,3
2690,2,47,5,6
2691,2,18,1,7
2692,2,48,2,5
2693,2,18,4,3
2694,2,46,2,6
2695,2,34,3,3
2696,2,10,5,2
2697,2,12,4,5
2698,2,36,1,6
2699,2,34,6,6
2700,2,49,4,1
2701,2,36,2,7
2702,2,18,1,4
2703,2,39,4,4
2704,2,34,5,7
2705,2,35,4,7
2706,2,1,3,2
2707,2,48,4,6
2708,2,19,2,7
2709,2,44,4,7
2710,2,9,3,2
2711,2,3,1,4
2712,2,50,6,5
2713,2,7,4,6
2714,2,20,4,1
2715,2,16,3,2
2716,2,29,5,4
2717,2,21,4,7
2718,2,19,3,3
2719,2,10,6,2
2720,2,4,1,5
2721,2,45,1,6
2722,2,17,5,4
2723,2,22,5,4
2724,2,3,5,3
2725,2,11,4,4
2726,2,4,4,1
2727,2,11,5,2
2728,2,47,3,4
2729,2,17,4,7
2730,2,32,3,5
2731,2,37,1,1
2732,2,44,1,6
2733,2,27,4,3
2734,2,46,5,1
2735,2,13,2,2
2736,2,2,5,2
2737,2,45,3,1
2738,2,35,2,3
2739,2,39,6,3
2740,2,39,3,3
2741,2,34,1,4
2742,2,41,6,5
2743,2,47,4,1
2744,2,17,6,6
2745,2,40,3,5
2746,2,44,5,2
2747,2,21,5,3
2748,2,21,3,3
2749,2,16,6,1
2750,2,15,1,1
2751,2,26,5,3
2752,2,50,6,5
2753,2,30,6,2
2754,2,48,5,6
2755,2,21,6,2
2756,2,18,3,1
2757,2,41,5,5
2758,2,11,6,5
2759,2,8,1,2
2760,2,42,2,3
2761,2,41,3,2
2762,2,3,3,3
2763,2,10,4,3
2764,2,35,6,6
2765,2,2,4,7
2766,2,24,3,6
2767,2,47,3,5
2768,2,31,2,5
2769,2,28,5,2
2770,2,13,2,7
2771,2,22,1,6
2772,2,12,1,4
2773,2,10,1,3
2774,2,45,1,6
2775,2,42,3,6
2776,2,16,4,7
2777,2,6,1,1
2778,2,28,3,3
2779,2,24,3,2
2780,2,14,3,4
2781,2,29,5,4
2782,2,33,5,7
2783,2,30,5,1
2784,2,26,3,6
2785,2,12,5,3
2786,2,13,1,5
2787,2,41,4,3
2788,2,4,6,4
2789,2,2,3,1
2790,2,28,3,2
2791,2,24,4,1
2792,2,14,6,4
2793,2,11,3,7
2794,2,27,4,2
2795,2,7,2,4
2796,2,49,5,1
2797,2,21,2,1
2798,2,10,6,3
2799,2,37,5,7
2800,2,9,1,3
2801,2,14,2,2
2802,2,30,5,1
2803,2,42,3,4
2804,2,31,1,5
2805,2,48,1,3
2806,2,48,2,6
2807,2,50,3,1
2808,2,10,4,4
2809,2,45,5,3
2810,2,27,4,6
2811,2,10,4,4
2812,2,19,3,6
2813,2,1,3,3
2814,2,39,4,6
2815,2,14,1,5
2816,2,40,6,3
2817,2,45,6,7
2818,2,6,6,7
2819,2,12,4,1
2820,2,19,2,5
2821,2,5,2,2
2822,2,37,6,5
2823,2,33,5,6
2824,2,47,4,2
2825,2,49,4,6
2826,2,28,1,1
2827,2,23,6,1
2828,2,11,1,2
2829,2,33,5,6
2830,2,47,2,7
2831,2,13,6,3
2832,2,4,3,7
2833,2,40,5,6
2834,2,19,2,5
2835,2,17,3,7
2836,2,7,6,1
2837,2,21,2,2
2838,2,44,5,7
2839,2,2,1,7
2840,2,30,1,5
2841,2,41,2,1
2842,2,31,2,7
2843,2,48,4,6
2844,2,41,6,7
2845,2,42,6,1
2846,2,39,4,3
2847,2,15,5,2
2848,2,3,5,3
2849,2,28,1,6
2850,2,27,5,2
2851,2,36,4,1
2852,2,42,4,5
2853,2,30,6,7
2854,2,9,5,7
2855,2,25,6,5
2856,2,33,5,6
2857,2,31,3,5
2858,2,35,4,5
2859,2,46,1,5
2860,2,29,1,1
2861,2,49,1,7
2862,2,27,3,5
2863,2,5,1,3
2864,2,18,6,5
2865,2,31,6,7
2866,2,27,2,4
2867,2,19,2,1
2868,2,33,2,4
2869,2,42,5,3
2870,2,16,1,7
2871,2,49,4,3
2872,2,40,6,2
2873,2,5,2,1
2874,2,8,1,5
2875,2,2,4,1
2876,2,14,4,7
2877,2,5,1,4
2878,2,34,6,5
2879,2,13,1,1
2880,2,31,6,1
2881,2,43,5,6
2882,2,6,1,1
2883,2,23,3,2
2884,2,10,5,7
2885,2,47,3,3
2886,2,14,3,2
2887,2,29,5,7
2888,2,12,2,2
2889,2,25,4,6
2890,2,21,6,1
2891,2,23,3,5
2892,2,10,5,5
2893,2,47,3,5
2894,2,44,4,3
2895,2,41,6,1
2896,2,29,1,5
2897,2,2,6,3
2898,2,2,2,4
2899,2,29,3,1
2900,2,22,1,4
2901,2,23,2,2
2902,2,46,3,6
2903,2,19,5,2
2904,2,24,3,3
2905,2,43,6,5
2906,2,14,4,4
2907,2,7,6,1
2908,2,50,5,2
2909,2,15,4,3
2910,2,40,3,3
2911,2,41,3,5
2912,2,34,6,6
2913,2,27,2,2
2914,2,12,2,3
2915,2,1,4,2
2916,2,39,4,2
2917,2,13,3,2
2918,2,50,6,1
2919,2,36,2,7
2920,2,31,4,5
2921,2,3,4,2
2922,2,11,2,4
2923,2,16,5,6
2924,2,12,2,6
2925,2,37,4,3
2926,2,43,3,3
2927,2,9,2,7
2928,2,15,6,2
2929,2,17,3,7
2930,2,42,6,4
2931,2,14,6,5
2932,2,49,3,2
2933,2,3,5,6
2934,2,28,6,5
2935,2,41,1,6
2936,2,11,6,7
2937,2,46,5,7
2938,2,15,3,7
2939,2,15,2,5
2940,2,34,6,7
2941,2,13,2,5
2942,2,27,5,5
2943,2,37,1,7
2944,2,37,3,5
2945,2,4,6,3
2946,2,1,3,3
2947,2,29,1,6
2948,2,50,6,1
2949,2,38,4,2
2950,2,15,5,1
2951,2,44,4,3
2952,2,14,2,7
2953,2,5,4,5
2954,2,11,3,1
2955,2,15,3,1
2956,2,46,3,1
2957,2,30,6,5
2958,2,2,2,1
2959,2,28,5,5
2960,2,9,5,6
2961,2,47,3,7
2962,2,21,4,2
2963,2,42,3,3
2964,2,28,3,7
2965,2,13,6,4
2966,2,25,5,4
2967,2,38,4,3
2968,2,40,6,1
2969,2,25,2,3
2970,2,20,2,3
2971,2,44,3,2
2972,2,9,5,3
2973,2,11,6,3
2974,2,3,1,4
2975,2,34,3,7
2976,2,48,2,3
2977,2,28,2,4
2978,2,20,6,1
2979,2,49,1,4
2980,2,14,5,7
2981,2,9,1,5
2982,2,37,6,1
2983,2,4,3,7
2984,2,1,3,6
2985,2,36,4,2
2986,2,21,2,2
2987,2,16,3,5
2988,2,42,2,5
2989,2,31,4,5
2990,2,6,3,7
2991,2,24,6,5
2992,2,7,5,2
2993,2,25,6,7
2994,2,18,2,2
2995,2,14,1,6
2996,2,42,4,2
2997,2,6,6,3
2998,2,14,6,3
2999,2,30,4,6
3000,2,10,2,5
3001,2,7,5,7
3002,2,28,3,6
3003,2,19,1,6
3004,2,13,3,3
3005,2,23,6,4
3006,2,5,6,7
3007,2,17,6,2
3008,2,31,6,7
3009,2,19,5,7
3010,2,8,6,4
3011,2,15,3,1
3012,2,18,3,3
3013,2,16,5,1
3014,2,13,2,5
3015,2,38,5,3
3016,2,27,1,2
3017,2,31,1,6
3018,2,24,2,2
3019,2,21,4,2
3020,2,15,5,1
3021,2,48,6,3
3022,2,47,2,6
3023,2,23,5,7
3024,2,4,5,6
3025,2,47,3,3
3026,2,7,5,5
3027,2,6,3,1
3028,2,47,3,6
3029,2,7,5,3
3030,2,1,4,6
3031,2,23,3,7
3032,2,30,3,5
3033,2,24,3,6
3034,2,9,5,7
3035,2,25,3,6
3036,2,18,2,2
3037,2,7,6,4
3038,2,2,2,1
3039,2,36,4,1
3040,2,31,5,2
3041,2,10,2,4
3042,2,27,5,5
3043,2,14,5,3
3044,2,17,3,5
3045,2,10,1,6
3046,2,4,5,2
3047,2,25,2,3
3048,2,3,5,2
3049,2,47,6,4
3050,2,41,1,2
3051,2,28,6,3
3052,2,49,4,3
3053,2,7,1,4
3054,2,22,1,5
3055,2,34,6,5
3056,2,5,4,2
3057,2,15,2,2
3058,2,26,1,7
3059,2,3,1,4
3060,2,42,3,6
3061,2,1,6,5
3062,2,20,5,3
3063,2,39,5,5
3064,2,24,3,4
3065,2,49,1,6
3066,2,7,6,2
3067,2,13,6,3
3068,2,2,2,7
3069,2,4,4,7
3070,2,17,4,6
3071,2,43,5,2
3072,2,6,5,5
3073,2,46,5,6
3074,2,7,4,2
3075,2,34,4,4
3076,2,21,5,3
3077,2,13,6,2
3078,2,33,4,2
3079,2,24,1,2
3080,2,4,1,1
3081,2,5,2,2
3082,2,11,3,7
3083,2,20,1,1
3084,2,28,5,6
3085,2,43,5,5
3086,2,10,6,3
3087,2,26,6,3
3088,2,29,1,5
3089,2,35,1,6
3090,2,23,2,2
3091,2,15,1,6
3092,2,46,3,1
3093,2,14,1,2
3094,2,17,2,3
3095,2,9,2,7
3096,2,13,6,4
3097,2,20,1,5
3098,2,39,1,6
3099,2,50,1,6
3100,2,21,1,2
3101,2,3,1,7
3102,2,9,5,4
3103,2,29,2,2
3104,2,42,1,7
3105,2,41,4,4
3106,2,17,4,5
3107,2,20,5,1
3108,2,18,3,2
3109,2,7,5,5
3110,2,47,1,4
3111,2,2,1,2
3112,2,25,4,6
3113,2,26,6,1
3114,2,2,4,7
3115,2,45,6,2
3116,2,9,1,2
3117,2,1,6,7
3118,2,4,5,2
3119,2,31,4,6
3120,2,21,3,3
3121,2,32,4,4
3122,2,16,6,7
3123,2,34,3,4
3124,2,40,6,2
3125,2,4,2,3
3126,2,3,2,6
3127,2,28,1,2
3128,2,43,3,3
3129,2,20,2,1
3130,2,40,6,3
3131,2,34,6,3
3132,2,11,1,3
3133,2,26,2,6
3134,2,29,2,2
3135,2,47,1,7
3136,2,48,6,4
3137,2,29,2,2
3138,2,14,1,5
3139,2,40,2,3
3140,2,4,6,7
3141,2,37,1,7
3142,2,47,3,2
3143,2,1,6,6
3144,2,26,2,6
3145,2,12,4,6
3146,2,16,5,4
3147,2,19,5,1
3148,2,21,3,7
3149,2,15,6,7
3150,2,9,6,1
3151,2,7,1,2
3152,2,47,1,6
3153,2,17,5,5
3154,2,46,6,4
3155,2,32,2,6
3156,2,34,2,1
3157,2,18,2,5
3158,2,5,4,4
3159,2,44,3,5
3160,2,4,1,6
3161,2,37,2,4
3162,2,43,2,5
3163,2,28,1,6
3164,2,36,2,5
3165,2,16,3,1
3166,2,38,1,3
3167,2,37,1,4
3168,2,9,2,2
3169,2,14,5,4
3170,2,3,6,7
3171,2,10,3,4
3172,2,26,1,2
3173,2,30,4,2
3174,2,32,5,4
3175,2,35,5,5
3176,2,26,4,3
3177,2,39,3,5
3178,2,31,3,5
3179,2,28,3,1
3180,2,12,4,2
3181,2,46,5,7
3182,2,27,5,3
3183,2,4,3,1
3184,2,14,2,3
3185,2,30,6,6
3186,2,6,5,1
3187,2,43,6,1
3188,2,28,4,7
3189,2,39,1,5
3190,2,30,5,2
3191,2,5,3,4
3192,2,42,3,3
3193,2,20,2,4
3194,2,35,3,4
3195,2,10,3,2
3196,2,36,3,6
3197,2,21,4,4
3198,2,29,3,3
3199,2,39,4,7
3200,2,16,5,5
3201,2,32,3,5
3202,2,34,2,5
3203,2,38,6,1
3204,2,14,6,1
3205,2,23,4,2
3206,2,50,1,3
3207,2,49,5,5
3208,2,14,5,1
3209,2,42,5,7
3210,2,39,4,1
3211,2,43,6,2
3212,2,12,2,5
3213,2,21,4,7
3214,2,33,3,5
3215,2,6,4,1
3216,2,10,5,3
3217,2,18,2,7
3218,2,46,6,7
3219,2,49,5,5
3220,2,39,3,7
3221,2,16,2,5
3222,2,28,2,1
3223,2,22,5,6
3224,2,36,6,2
3225,2,18,5,5
3226,2,31,3,7
3227,2,38,1,4
3228,2,42,4,6
3229,2,27,5,1
3230,2,24,2,5
3231,2,38,4,1
3232,2,9,3,1
3233,2,19,1,5
3234,2,11,4,2
3235,2,16,4,6
3236,2,18,6,5
3237,2,8,2,5
3238,2,4,2,7
3239,2,37,2,6
3240,2,30,2,5
3241,2,37,1,5
3242,2,30,5,6
3243,2,17,6,7
3244,2,11,1,3
3245,2,42,3,1
3246,2,20,2,7
3247,2,37,2,5
3248,2,12,5,4
3249,2,41,1,6
3250,2,32,3,6
3251,2,15,6,7
3252,2,39,6,6
3253,2,48,3,4
3254,2,8,6,4
3255,2,11,1,3
3256,2,36,1,5
3257,2,50,6,3
3258,2,39,6,3
3259,2,11,3,2
3260,2,5,4,3
3261,2,7,3,1
3262,2,50,4,7
3263,2,21,2,3
3264,2,31,4,4
3265,2,39,2,2
3266,2,28,3,4
3267,2,33,1,7
3268,2,42,3,6
3269,2,5,1,3
3270,2,25,2,5
3271,2,48,5,1
3272,2,30,3,7
3273,2,34,5,6
3274,2,34,5,3
3275,2,14,2,4
3276,2,2,4,7
3277,2,41,5,3
3278,2,3,3,5
3279,2,18,1,7
3280,2,1,4,4
3281,2,5,5,5
3282,2,41,1,1
3283,2,5,3,5
3284,2,10,4,3
3285,2,20,6,1
3286,2,11,2,7
3287,2,4,6,4
3288,2,38,3,7
3289,2,19,3,2
3290,2,16,6,3
3291,2,2,5,5
3292,2,11,2,5
3293,2,18,1,4
3294,2,47,3,4
3295,2,15,1,2
3296,2,15,2,7
3297,2,47,6,6
3298,2,47,5,5
3299,2,6,1,3
3300,2,18,6,5
3301,2,40,1,2
3302,2,31,3,4
3303,2,31,6,2
3304,2,4,3,4
3305,2,36,1,3
3306,2,31,5,2
3307,2,6,6,4
3308,2,1,2,5
3309,2,29,2,5
3310,2,19,5,5
3311,2,12,5,4
3312,2,18,1,1
3313,2,45,2,6
3314,2,45,3,5
3315,2,8,3,6
3316,2,4,5,3
3317,2,5,4,4
3318,2,30,2,6
3319,2,15,5,5
3320,2,17,3,3
3321,2,45,2,3
3322,2,3,6,1
3323,2,43,5,7
3324,2,4,3,5
3325,2,41,6,7
3326,2,16,6,5
3327,2,10,4,1
3328,2,2,4,6
3329,2,11,2,2
3330,2,1,4,2
3331,2,41,1,6
3332,2,39,5,6
3333,2,1,5,2
3334,2,3,5,5
3335,2,21,3,1
3336,2,48,1,6
3337,2,24,4,1
3338,2,45,1,2
3339,2,46,3,5
3340,2,35,2,4
3341,2,47,3,4
3342,2,35,3,5
3343,2,45,3,7
3344,2,6,2,2
3345,2,20,2,1
3346,2,3,6,2
3347,2,30,6,6
3348,2,28,5,2
3349,2,15,2,3
3350,2,29,5,6
3351,2,15,2,2
3352,2,18,1,4
3353,2,7,1,2
3354,2,19,3,3
3355,2,15,5,7
3356,2,3,1,2
3357,2,13,5,2
3358,2,37,3,5
3359,2,26,2,1
3360,2,29,4,5
3361,2,47,2,3
3362,2,47,3,2
3363,2,48,6,4
3364,2,46,1,2
3365,2,7,3,5
3366,2,45,3,3
3367,2,47,4,6
3368,2,6,6,4
3369,2,29,1,3
3370,2,42,2,5
3371,2,46,2,4
3372,2,28,5,1
3373,2,14,3,3
3374,2,12,4,3
3375,2,41,4,1
3376,2,8,3,1
3377,2,24,2,6
3378,2,18,5,4
3379,2,6,2,6
3380,2,40,2,7
3381,2,6,5,3
3382,2,27,3,6
3383,2,2,1,7
3384,2,39,6,2
3385,2,9,6,6
3386,2,16,3,3
3387,2,36,2,6
3388,2,2,3,2
3389,2,21,3,7
3390,2,39,6,1
3391,2,38,5,1
3392,2,6,4,3
3393,2,6,6,2
3394,2,50,4,5
3395,2,9,5,1
3396,2,15,4,3
3397,2,5,5,6
3398,2,13,1,2
3399,2,44,2,4
3400,2,36,4,1
3401,2,18,6,4
3402,2,39,3,7
3403,2,11,5,3
3404,2,1,2,2
3405,2,34,3,1
3406,2,47,1,2
3407,2,24,6,6
3408,2,20,2,6
3409,2,11,1,1
3410,2,3,3,3
3411,2,38,1,2
3412,2,45,2,7
3413,2,31,6,6
3414,2,16,5,2
3415,2,3,1,6
3416,2,15,1,1
3417,2,11,1,3
3418,2,22,4,4
3419,2,35,4,1
3420,2,5,6,2
3421,2,35,5,2
3422,2,27,5,7
3423,2,9,6,5
3424,2,21,5,2
3425,2,23,3,5
3426,2,3,4,2
3427,2,31,3,1
3428,2,44,2,1
3429,2,20,6,5
3430,2,34,4,7
3431,2,17,1,3
3432,2,20,6,1
3433,2,46,5,3
3434,2,28,5,1
3435,2,6,6,4
3436,2,50,4,2
3437,2,41,1,5
3438,2,50,5,1
3439,2,33,3,5
3440,2,25,6,6
3441,2,2,5,7
3442,2,15,3,1
3443,2,12,5,7
3444,2,28,2,2
3445,2,12,1,2
3446,2,3,4,1
3447,2,20,2,7
3448,2,3,1,2
3449,2,32,1,4
3450,2,35,2,5
3451,2,31,5,5
3452,2,13,3,1
3453,2,3,6,4
3454,2,48,6,2
3455,2,15,5,2
3456,2,13,6,1
3457,2,21,6,5
3458,2,29,2,4
3459,2,24,6,6
3460,2,21,5,1
3461,2,5,1,2
3462,2,47,2,6
3463,2,34,3,3
3464,2,45,5,4
3465,2,12,5,1
3466,2,31,4,7
3467,2,43,1,1
3468,2,5,3,1
3469,2,36,4,6
3470,2,12,2,1
3471,2,31,2,2
3472,2,31,2,2
3473,2,15,4,7
3474,2,11,2,7
3475,2,18,6,5
3476,2,9,2,6
3477,2,11,2,7
3478,2,38,4,2
3479,2,42,5,6
3480,2,41,2,5
3481,2,45,5,5
3482,2,41,4,2
3483,2,35,4,7
3484,2,21,3,3
3485,2,13,3,2
3486,2,23,4,4
3487,2,6,5,7
3488,2,39,1,1
3489,2,7,2,6
3490,2,32,5,3
3491,2,43,3,6
3492,2,15,2,5
3493,2,48,1,1
3494,2,35,3,7
3495,2,41,5,6
3496,2,14,2,7
3497,2,22,5,5
3498,2,16,6,3
3499,2,2,1,2
3500,2,13,5,3
3501,2,38,4,4
3502,2,43,1,7
3503,2,26,1,6
3504,2,39,2,7
3505,2,50,6,5
3506,2,40,1,3
3507,2,12,2,4
3508,2,33,3,3
3509,2,49,1,7
3510,2,43,6,2
3511,2,14,6,5
3512,2,21,3,3
3513,2,31,4,6
3514,2,29,3,4
3515,2,32,2,5
3516,2,16,4,2
3517,2,38,5,2
3518,2,34,4,3
3519,2,30,5,6
3520,2,14,1,4
3521,2,33,1,5
3522,2,35,6,7
3523,2,13,2,6
3524,2,30,2,4
3525,2,30,3,5
3526,2,47,1,1
3527,2,1,5,3
3528,2,1,2,7
3529,2,33,5,1
3530,2,43,1,7
3531,2,37,5,7
3532,2,23,2,6
3533,2,12,3,1
3534,2,30,6,4
3535,2,7,2,7
3536,2,20,4,5
3537,2,10,6,5
3538,2,40,3,3
3539,2,21,6,5
3540,2,17,3,2
3541,2,5,1,7
3542,2,22,5,1
3543,2,5,6,7
3544,2,18,5,3
3545,2,42,2,3
3546,2,22,4,1
3547,2,37,1,2
3548,2,23,3,1
3549,2,47,4,4
3550,2,11,1,4
3551,2,32,2,7
3552,2,20,6,7
3553,2,3,5,6
3554,2,32,1,7
3555,2,5,3,4
3556,2,45,2,6
3557,2,43,2,2
3558,2,1,5,3
3559,2,9,6,6
3560,2,13,6,3
3561,2,5,3,1
3562,2,39,3,4
3563,2,7,1,7
3564,2,8,3,3
3565,2,40,6,1
3566,2,35,5,5
3567,2,14,6,5
3568,2,26,3,5
3569,2,14,5,6
3570,2,9,1,4
3571,2,32,4,1
3572,2,15,1,3
3573,2,25,3,5
3574,2,27,5,5
3575,2,39,1,6
3576,2,49,6,2
3577,2,12,6,2
3578,2,13,1,7
3579,2,22,1,6
3580,2,19,3,3
3581,2,3,2,2
3582,2,50,3,7
3583,2,15,5,1
3584,2,44,3,3
3585,2,48,4,5
3586,2,4,6,2
3587,2,12,5,2
3588,2,33,4,1
3589,2,40,2,1
3590,2,38,2,3
3591,2,19,6,3
3592,2,38,1,6
3593,2,18,6,4
3594,2,24,5,5
3595,2,29,6,6
3596,2,14,5,1
3597,2,44,2,4
3598,2,18,1,6
3599,2,19,1,2
3600,2,4,2,7
3601,2,25,2,2
3602,2,3,5,5
3603,2,40,4,6
3604,2,5,2,7
3605,2,17,4,1
3606,2,36,1,3
3607,2,41,6,1
3608,2,20,6,2
3609,2,2,2,3
3610,2,31,4,5
3611,2,23,1,4
3612,2,30,3,1
3613,2,26,2,3
3614,2,40,6,1
3615,2,19,1,1
3616,2,4,3,5
3617,2,33,4,4
3618,2,29,4,5
3619,2,47,5,2
3620,2,50,6,7
3621,2,28,3,4
3622,2,5,2,4
3623,2,12,3,1
3624,2,4,5,7
3625,2,22,1,2
3626,2,32,5,7
3627,2,32,6,6
3628,2,48,2,3
3629,2,35,3,5
3630,2,44,4,4
3631,2,29,2,7
3632,2,26,3,5
3633,2,3,4,6
3634,2,1,1,2
3635,2,17,5,1
3636,2,17,3,4
3637,2,36,2,7
3638,2,32,3,4
3639,2,50,5,2
3640,2,39,6,1
3641,2,17,5,5
3642,2,39,1,3
3643,2,5,5,1
3644,2,47,4,1
3645,2,18,6,7
3646,2,31,3,3
3647,2,39,4,4
3648,2,12,1,7
3649,2,45,2,2
3650,2,33,3,4
3651,2,3,5,1
3652,2,5,6,3
3653,2,23,4,5
3654,2,39,3,4
3655,2,10,3,1
3656,2,4,3,2
3657,2,18,3,5
3658,2,1,4,3
3659,2,18,5,4
3660,2,46,1,1
3661,2,13,1,4
3662,2,5,3,4
3663,2,11,4,7
3664,2,49,3,7
3665,2,1,4,4
3666,2,11,3,6
3667,2,47,2,3
3668,2,20,6,5
3669,2,18,6,1
3670,2,43,5,6
3671,2,4,5,3
3672,2,20,6,6
3673,2,7,5,5
3674,2,31,1,4
3675,2,41,6,4
3676,2,3,1,5
3677,2,16,5,5
3678,2,43,2,1
3679,2,29,1,4
3680,2,5,2,2
3681,2,30,4,6
3682,2,33,4,5
3683,2,46,6,2
3684,2,17,6,4
3685,2,47,3,2
3686,2,17,2,2
3687,2,17,2,2
3688,2,28,1,3
3689,2,8,2,5
3690,2,8,1,6
3691,2,4,1,2
3692,2,24,5,7
3693,2,29,2,4
3694,2,10,6,7
3695,2,11,5,2
3696,2,18,1,4
3697,2,26,1,1
3698,2,39,2,7
3699,2,4,6,1
3700,2,24,1,7
3701,2,2,1,3
3702,2,36,2,1
3703,2,36,6,7
3704,2,23,5,3
3705,2,36,3,6
3706,2,2,4,1
3707,2,17,2,2
3708,2,19,6,7
3709,2,41,5,5
3710,2,27,5,6
3711,2,32,1,4
3712,2,33,2,1
3713,2,24,5,6
3714,2,31,4,3
3715,2,35,3,7
3716,2,2,1,5
3717,2,42,4,3
3718,2,47,1,3
3719,2,44,1,2
3720,2,8,1,3
3721,2,13,3,6
3722,2,10,2,1
3723,2,1,3,4
3724,2,1,4,5
3725,2,18,1,1
3726,2,2,5,1
3727,2,36,4,3
3728,2,17,4,2
3729,2,1,4,1
3730,2,50,2,6
3731,2,3,3,2
3732,2,45,5,6
3733,2,28,5,1
3734,2,6,4,3
3735,2,33,4,3
3736,2,29,5,1
3737,2,2,5,3
3738,2,43,5,2
3739,2,48,2,4
3740,2,43,3,7
3741,2,26,4,2
3742,2,26,4,2
3743,2,50,3,2
3744,2,36,4,6
3745,2,26,1,4
3746,2,2,4,5
3747,2,49,5,5
3748,2,32,1,2
3749,2,3,6,1
3750,2,38,6,3
3751,2,5,5,5
3752,2,8,3,3
3753,2,43,6,7
3754,2,22,1,4
3755,2,10,2,3
3756,2,26,3,5
3757,2,42,4,2
3758,2,33,2,7
3759,2,23,1,6
3760,2,30,6,6
3761,2,36,5,7
3762,2,3,6,3
3763,2,13,5,1
3764,2,38,2,3
3765,2,19,6,5
3766,2,14,1,2
3767,2,43,4,1
3768,2,10,1,4
3769,2,34,1,6
3770,2,31,6,1
3771,2,34,1,7
3772,2,28,6,2
3773,2,35,2,1
3774,2,41,2,6
3775,2,48,5,4
3776,2,45,2,6
3777,2,10,3,4
3778,2,9,2,7
3779,2,30,4,1
3780,2,45,5,1
3781,2,41,6,6
3782,2,40,5,4
3783,2,42,5,4
3784,2,17,4,4
3785,2,4,6,1
3786,2,6,2,5
3787,2,22,6,7
3788,2,46,5,3
3789,2,27,4,5
3790,2,18,1,3
3791,2,31,3,7
3792,2,1,6,7
3793,2,2,5,4
3794,2,46,1,1
3795,2,27,6,7
3796,2,3,2,7
3797,2,47,1,6
3798,2,20,2,6
3799,2,23,3,1
3800,2,13,3,5
3801,2,12,6,2
3802,2,36,5,4
3803,2,1,1,5
3804,2,14,4,7
3805,2,45,2,1
3806,2,31,3,6
3807,2,41,5,7
3808,2,36,5,1
3809,2,6,4,2
3810,2,28,3,1
3811,2,29,6,5
3812,2,14,2,5
3813,2,7,1,3
3814,2,31,6,2
3815,2,26,1,3
3816,2,12,6,4
3817,2,45,3,4
3818,2,40,5,1
3819,2,42,2,5
3820,2,45,2,6
3821,2,34,4,6
3822,2,34,3,3
3823,2,17,5,3
3824,2,27,1,7
3825,2,31,3,6
3826,2,47,4,4
3827,2,25,1,1
3828,2,47,2,4
3829,2,8,2,7
3830,2,32,4,4
3831,2,33,1,3
3832,2,16,4,3
3833,2,27,2,7
3834,2,17,5,3
3835,2,17,2,6
3836,2,28,5,2
3837,2,38,5,4
3838,2,33,1,4
3839,2,24,6,3
3840,2,14,6,6
3841,2,5,6,4
3842,2,8,1,5
3843,2,42,4,5
3844,2,48,6,3
3845,2,40,6,6
3846,2,46,6,1
3847,2,40,5,3
3848,2,31,5,4
3849,2,39,2,3
3850,2,36,5,4
3851,2,25,4,3
3852,2,24,4,1
3853,2,19,5,7
3854,2,49,4,2
3855,2,4,6,1
3856,2,36,2,6
3857,2,8,4,6
3858,2,29,3,3
3859,2,26,3,6
3860,2,47,1,2
3861,2,44,2,1
3862,2,49,3,5
3863,2,9,6,5
3864,2,28,2,4
3865,2,1,4,4
3866,2,28,2,3
3867,2,33,3,4
3868,2,28,3,5
3869,2,9,2,1
3870,2,28,1,1
3871,2,19,2,3
3872,2,20,1,3
3873,2,3,2,5
3874,2,22,3,7
3875,2,33,3,2
3876,2,21,3,1
3877,2,7,2,1
3878,2,46,4,5
3879,2,24,3,1
3880,2,6,4,6
3881,2,40,5,5
3882,2,17,4,7
3883,2,24,2,4
3884,2,22,2,4
3885,2,3,5,7
3886,2,39,2,6
3887,2,40,4,6
3888,2,1,3,6
3889,2,14,6,2
3890,2,49,1,1
3891,2,33,4,1
3892,2,6,1,6
3893,2,5,5,4
3894,2,29,1,2
3895,2,44,3,3
3896,2,32,6,7
3897,2,41,1,2
3898,2,24,6,6
3899,2,24,6,7
3900,2,33,6,6